provider,session,layout,context_tokens,turns,input_tokens,cached_read_tokens,cache_write_tokens,uncached_tokens,output_tokens,cache_miss_turns,expected_retry_turns,dollars_before_retry,retry_dollars,dollars,cache_read_share,winner
anthropic_explicit_5m,steady_12,stable_tools_runtime_after_user,20000,12,621300,550550,58750,12000,7800,1,0.0,0.538477,0.0,0.538477,0.8861,
anthropic_explicit_5m,steady_12,stable_tools_runtime_before_user,20000,12,621300,541750,57950,21600,7800,1,0.0,0.561639,0.0,0.561639,0.872,
anthropic_explicit_5m,steady_12,soul_system_rewrite,20000,12,621300,561550,59750,0,7800,1,0.0,0.509526,0.0,0.509526,0.9038,
anthropic_explicit_5m,steady_12,mode_specific_tools_runtime_after_user,20000,12,525300,462550,50750,12000,7800,1,0.0,0.482078,0.0,0.482078,0.8805,winner
anthropic_explicit_5m,steady_12,volatile_context_runtime_after_user,20000,12,621300,242000,367300,12000,7800,1,0.0,1.602974,0.0,1.602974,0.3895,
anthropic_explicit_5m,steady_12,generic_dispatcher_runtime_after_user,20000,12,489300,429550,47750,12000,7800,1,0.72,0.460931,0.027656,0.488587,0.8779,
anthropic_explicit_5m,steady_12,stable_tools_runtime_after_user,80000,12,1341300,1210550,118750,12000,7800,1,0.0,0.961479,0.0,0.961479,0.9025,
anthropic_explicit_5m,steady_12,stable_tools_runtime_before_user,80000,12,1341300,1201750,117950,21600,7800,1,0.0,0.984639,0.0,0.984639,0.896,
anthropic_explicit_5m,steady_12,soul_system_rewrite,80000,12,1341300,1221550,119750,0,7800,1,0.0,0.932525,0.0,0.932525,0.9107,
anthropic_explicit_5m,steady_12,mode_specific_tools_runtime_after_user,80000,12,1245300,1122550,110750,12000,7800,1,0.0,0.905078,0.0,0.905078,0.9014,winner
anthropic_explicit_5m,steady_12,volatile_context_runtime_after_user,80000,12,1341300,242000,1087300,12000,7800,1,0.0,4.302974,0.0,4.302974,0.1804,
anthropic_explicit_5m,steady_12,generic_dispatcher_runtime_after_user,80000,12,1209300,1089550,107750,12000,7800,1,0.72,0.883929,0.053036,0.936965,0.901,
anthropic_explicit_5m,steady_12,stable_tools_runtime_after_user,160000,12,2301300,2090550,198750,12000,7800,1,0.0,1.525476,0.0,1.525476,0.9084,
anthropic_explicit_5m,steady_12,stable_tools_runtime_before_user,160000,12,2301300,2081750,197950,21600,7800,1,0.0,1.548634,0.0,1.548634,0.9046,
anthropic_explicit_5m,steady_12,soul_system_rewrite,160000,12,2301300,2101550,199750,0,7800,1,0.0,1.496523,0.0,1.496523,0.9132,
anthropic_explicit_5m,steady_12,mode_specific_tools_runtime_after_user,160000,12,2205300,2002550,190750,12000,7800,1,0.0,1.469076,0.0,1.469076,0.9081,winner
anthropic_explicit_5m,steady_12,volatile_context_runtime_after_user,160000,12,2301300,242000,2047300,12000,7800,1,0.0,7.902978,0.0,7.902978,0.1052,
anthropic_explicit_5m,steady_12,generic_dispatcher_runtime_after_user,160000,12,2169300,1969550,187750,12000,7800,1,0.72,1.447924,0.086875,1.534799,0.9079,
anthropic_explicit_5m,posture_heavy_12,stable_tools_runtime_after_user,20000,12,621300,550550,58750,12000,7800,1,0.0,0.538477,0.0,0.538477,0.8861,
anthropic_explicit_5m,posture_heavy_12,stable_tools_runtime_before_user,20000,12,621300,541750,57950,21600,7800,1,0.0,0.561639,0.0,0.561639,0.872,
anthropic_explicit_5m,posture_heavy_12,soul_system_rewrite,20000,12,621300,448750,172550,0,7800,1,0.0,0.898687,0.0,0.898687,0.7223,
anthropic_explicit_5m,posture_heavy_12,mode_specific_tools_runtime_after_user,20000,12,525300,462550,50750,12000,7800,1,0.0,0.482078,0.0,0.482078,0.8805,winner
anthropic_explicit_5m,posture_heavy_12,volatile_context_runtime_after_user,20000,12,621300,242000,367300,12000,7800,1,0.0,1.602974,0.0,1.602974,0.3895,
anthropic_explicit_5m,posture_heavy_12,generic_dispatcher_runtime_after_user,20000,12,489300,429550,47750,12000,7800,1,0.72,0.460931,0.027656,0.488587,0.8779,
anthropic_explicit_5m,posture_heavy_12,stable_tools_runtime_after_user,80000,12,1341300,1210550,118750,12000,7800,1,0.0,0.961479,0.0,0.961479,0.9025,
anthropic_explicit_5m,posture_heavy_12,stable_tools_runtime_before_user,80000,12,1341300,1201750,117950,21600,7800,1,0.0,0.984639,0.0,0.984639,0.896,
anthropic_explicit_5m,posture_heavy_12,soul_system_rewrite,80000,12,1341300,928750,412550,0,7800,1,0.0,1.942686,0.0,1.942686,0.6924,
anthropic_explicit_5m,posture_heavy_12,mode_specific_tools_runtime_after_user,80000,12,1245300,1122550,110750,12000,7800,1,0.0,0.905078,0.0,0.905078,0.9014,winner
anthropic_explicit_5m,posture_heavy_12,volatile_context_runtime_after_user,80000,12,1341300,242000,1087300,12000,7800,1,0.0,4.302974,0.0,4.302974,0.1804,
anthropic_explicit_5m,posture_heavy_12,generic_dispatcher_runtime_after_user,80000,12,1209300,1089550,107750,12000,7800,1,0.72,0.883929,0.053036,0.936965,0.901,
anthropic_explicit_5m,posture_heavy_12,stable_tools_runtime_after_user,160000,12,2301300,2090550,198750,12000,7800,1,0.0,1.525476,0.0,1.525476,0.9084,
anthropic_explicit_5m,posture_heavy_12,stable_tools_runtime_before_user,160000,12,2301300,2081750,197950,21600,7800,1,0.0,1.548634,0.0,1.548634,0.9046,
anthropic_explicit_5m,posture_heavy_12,soul_system_rewrite,160000,12,2301300,1568750,732550,0,7800,1,0.0,3.334684,0.0,3.334684,0.6817,
anthropic_explicit_5m,posture_heavy_12,mode_specific_tools_runtime_after_user,160000,12,2205300,2002550,190750,12000,7800,1,0.0,1.469076,0.0,1.469076,0.9081,winner
anthropic_explicit_5m,posture_heavy_12,volatile_context_runtime_after_user,160000,12,2301300,242000,2047300,12000,7800,1,0.0,7.902978,0.0,7.902978,0.1052,
anthropic_explicit_5m,posture_heavy_12,generic_dispatcher_runtime_after_user,160000,12,2169300,1969550,187750,12000,7800,1,0.72,1.447924,0.086875,1.534799,0.9079,
anthropic_explicit_5m,tool_mode_12,stable_tools_runtime_after_user,20000,12,621300,550550,58750,12000,7800,1,0.0,0.538477,0.0,0.538477,0.8861,
anthropic_explicit_5m,tool_mode_12,stable_tools_runtime_before_user,20000,12,621300,541750,57950,21600,7800,1,0.0,0.561639,0.0,0.561639,0.872,
anthropic_explicit_5m,tool_mode_12,soul_system_rewrite,20000,12,621300,561550,59750,0,7800,1,0.0,0.509526,0.0,0.509526,0.9038,
anthropic_explicit_5m,tool_mode_12,mode_specific_tools_runtime_after_user,20000,12,525300,378450,134850,12000,7800,3,0.0,0.772223,0.0,0.772223,0.7204,
anthropic_explicit_5m,tool_mode_12,volatile_context_runtime_after_user,20000,12,621300,242000,367300,12000,7800,1,0.0,1.602974,0.0,1.602974,0.3895,
anthropic_explicit_5m,tool_mode_12,generic_dispatcher_runtime_after_user,20000,12,489300,429550,47750,12000,7800,1,0.72,0.460931,0.027656,0.488587,0.8779,winner
anthropic_explicit_5m,tool_mode_12,stable_tools_runtime_after_user,80000,12,1341300,1210550,118750,12000,7800,1,0.0,0.961479,0.0,0.961479,0.9025,
anthropic_explicit_5m,tool_mode_12,stable_tools_runtime_before_user,80000,12,1341300,1201750,117950,21600,7800,1,0.0,0.984639,0.0,0.984639,0.896,
anthropic_explicit_5m,tool_mode_12,soul_system_rewrite,80000,12,1341300,1221550,119750,0,7800,1,0.0,0.932525,0.0,0.932525,0.9107,winner
anthropic_explicit_5m,tool_mode_12,mode_specific_tools_runtime_after_user,80000,12,1245300,918450,314850,12000,7800,3,0.0,1.609222,0.0,1.609222,0.7375,
anthropic_explicit_5m,tool_mode_12,volatile_context_runtime_after_user,80000,12,1341300,242000,1087300,12000,7800,1,0.0,4.302974,0.0,4.302974,0.1804,
anthropic_explicit_5m,tool_mode_12,generic_dispatcher_runtime_after_user,80000,12,1209300,1089550,107750,12000,7800,1,0.72,0.883929,0.053036,0.936965,0.901,
anthropic_explicit_5m,tool_mode_12,stable_tools_runtime_after_user,160000,12,2301300,2090550,198750,12000,7800,1,0.0,1.525476,0.0,1.525476,0.9084,
anthropic_explicit_5m,tool_mode_12,stable_tools_runtime_before_user,160000,12,2301300,2081750,197950,21600,7800,1,0.0,1.548634,0.0,1.548634,0.9046,
anthropic_explicit_5m,tool_mode_12,soul_system_rewrite,160000,12,2301300,2101550,199750,0,7800,1,0.0,1.496523,0.0,1.496523,0.9132,winner
anthropic_explicit_5m,tool_mode_12,mode_specific_tools_runtime_after_user,160000,12,2205300,1638450,554850,12000,7800,3,0.0,2.725221,0.0,2.725221,0.743,
anthropic_explicit_5m,tool_mode_12,volatile_context_runtime_after_user,160000,12,2301300,242000,2047300,12000,7800,1,0.0,7.902978,0.0,7.902978,0.1052,
anthropic_explicit_5m,tool_mode_12,generic_dispatcher_runtime_after_user,160000,12,2169300,1969550,187750,12000,7800,1,0.72,1.447924,0.086875,1.534799,0.9079,
anthropic_explicit_5m,mixed_agent_12,stable_tools_runtime_after_user,20000,12,621300,497350,111950,12000,7800,1,0.0,0.722016,0.0,0.722016,0.8005,
anthropic_explicit_5m,mixed_agent_12,stable_tools_runtime_before_user,20000,12,621300,490150,109550,21600,7800,1,0.0,0.739658,0.0,0.739658,0.7889,
anthropic_explicit_5m,mixed_agent_12,soul_system_rewrite,20000,12,621300,395550,225750,0,7800,1,0.0,1.082227,0.0,1.082227,0.6366,
anthropic_explicit_5m,mixed_agent_12,mode_specific_tools_runtime_after_user,20000,12,525300,325250,188050,12000,7800,3,0.0,0.955762,0.0,0.955762,0.6192,
anthropic_explicit_5m,mixed_agent_12,volatile_context_runtime_after_user,20000,12,621300,242000,367300,12000,7800,1,0.0,1.602974,0.0,1.602974,0.3895,
anthropic_explicit_5m,mixed_agent_12,generic_dispatcher_runtime_after_user,20000,12,489300,376350,100950,12000,7800,1,0.72,0.644469,0.038668,0.683137,0.7692,winner
anthropic_explicit_5m,mixed_agent_12,stable_tools_runtime_after_user,80000,12,1341300,1037350,291950,12000,7800,1,0.0,1.559017,0.0,1.559017,0.7734,winner
anthropic_explicit_5m,mixed_agent_12,stable_tools_runtime_before_user,80000,12,1341300,1030150,289550,21600,7800,1,0.0,1.576658,0.0,1.576658,0.768,
anthropic_explicit_5m,mixed_agent_12,soul_system_rewrite,80000,12,1341300,755550,585750,0,7800,1,0.0,2.540225,0.0,2.540225,0.5633,
anthropic_explicit_5m,mixed_agent_12,mode_specific_tools_runtime_after_user,80000,12,1245300,745250,488050,12000,7800,3,0.0,2.206762,0.0,2.206762,0.5985,
anthropic_explicit_5m,mixed_agent_12,volatile_context_runtime_after_user,80000,12,1341300,242000,1087300,12000,7800,1,0.0,4.302974,0.0,4.302974,0.1804,
anthropic_explicit_5m,mixed_agent_12,generic_dispatcher_runtime_after_user,80000,12,1209300,916350,280950,12000,7800,1,0.72,1.481468,0.088888,1.570356,0.7578,
anthropic_explicit_5m,mixed_agent_12,stable_tools_runtime_after_user,160000,12,2301300,1757350,531950,12000,7800,1,0.0,2.675017,0.0,2.675017,0.7636,winner
anthropic_explicit_5m,mixed_agent_12,stable_tools_runtime_before_user,160000,12,2301300,1750150,529550,21600,7800,1,0.0,2.692655,0.0,2.692655,0.7605,
anthropic_explicit_5m,mixed_agent_12,soul_system_rewrite,160000,12,2301300,1235550,1065750,0,7800,1,0.0,4.484225,0.0,4.484225,0.5369,
anthropic_explicit_5m,mixed_agent_12,mode_specific_tools_runtime_after_user,160000,12,2205300,1305250,888050,12000,7800,3,0.0,3.874762,0.0,3.874762,0.5919,
anthropic_explicit_5m,mixed_agent_12,volatile_context_runtime_after_user,160000,12,2301300,242000,2047300,12000,7800,1,0.0,7.902978,0.0,7.902978,0.1052,
anthropic_explicit_5m,mixed_agent_12,generic_dispatcher_runtime_after_user,160000,12,2169300,1636350,520950,12000,7800,1,0.72,2.597464,0.155848,2.753312,0.7543,
anthropic_explicit_5m,long_mixed_40,stable_tools_runtime_after_user,20000,40,2883000,2642600,200400,40000,26000,1,0.0,2.054276,0.0,2.054276,0.9166,
anthropic_explicit_5m,long_mixed_40,stable_tools_runtime_before_user,20000,40,2883000,2613000,198000,72000,26000,1,0.0,2.132395,0.0,2.132395,0.9063,
anthropic_explicit_5m,long_mixed_40,soul_system_rewrite,20000,40,2883000,2386900,496100,0,26000,1,0.0,2.966447,0.0,2.966447,0.8279,
anthropic_explicit_5m,long_mixed_40,mode_specific_tools_runtime_after_user,20000,40,2563000,2209300,313700,40000,26000,4,0.0,2.349165,0.0,2.349165,0.862,
anthropic_explicit_5m,long_mixed_40,volatile_context_runtime_after_user,20000,40,2883000,858000,1985000,40000,26000,1,0.0,8.211147,0.0,8.211147,0.2976,
anthropic_explicit_5m,long_mixed_40,generic_dispatcher_runtime_after_user,20000,40,2443000,2213600,189400,40000,26000,1,2.4,1.884335,0.11306,1.997395,0.9061,winner
anthropic_explicit_5m,long_mixed_40,stable_tools_runtime_after_user,80000,40,5283000,4862600,380400,40000,26000,1,0.0,3.395282,0.0,3.395282,0.9204,winner
anthropic_explicit_5m,long_mixed_40,stable_tools_runtime_before_user,80000,40,5283000,4833000,378000,72000,26000,1,0.0,3.473401,0.0,3.473401,0.9148,
anthropic_explicit_5m,long_mixed_40,soul_system_rewrite,80000,40,5283000,4306900,976100,0,26000,1,0.0,5.342435,0.0,5.342435,0.8152,
anthropic_explicit_5m,long_mixed_40,mode_specific_tools_runtime_after_user,80000,40,4963000,4309300,613700,40000,26000,4,0.0,4.104168,0.0,4.104168,0.8683,
anthropic_explicit_5m,long_mixed_40,volatile_context_runtime_after_user,80000,40,5283000,858000,4385000,40000,26000,1,0.0,17.211146,0.0,17.211146,0.1624,
anthropic_explicit_5m,long_mixed_40,generic_dispatcher_runtime_after_user,80000,40,4843000,4433600,369400,40000,26000,1,2.4,3.225336,0.19352,3.418856,0.9155,
anthropic_explicit_5m,long_mixed_40,stable_tools_runtime_after_user,160000,40,8483000,7822600,620400,40000,26000,1,0.0,5.183267,0.0,5.183267,0.9222,winner
anthropic_explicit_5m,long_mixed_40,stable_tools_runtime_before_user,160000,40,8483000,7793000,618000,72000,26000,1,0.0,5.261385,0.0,5.261385,0.9187,
anthropic_explicit_5m,long_mixed_40,soul_system_rewrite,160000,40,8483000,6866900,1616100,0,26000,1,0.0,8.510432,0.0,8.510432,0.8095,
anthropic_explicit_5m,long_mixed_40,mode_specific_tools_runtime_after_user,160000,40,8163000,7109300,1013700,40000,26000,4,0.0,6.444152,0.0,6.444152,0.8709,
anthropic_explicit_5m,long_mixed_40,volatile_context_runtime_after_user,160000,40,8483000,858000,7585000,40000,26000,1,0.0,29.21116,0.0,29.21116,0.1011,
anthropic_explicit_5m,long_mixed_40,generic_dispatcher_runtime_after_user,160000,40,8043000,7393600,609400,40000,26000,1,2.4,5.013315,0.300799,5.314114,0.9193,
openai_auto_lcp,steady_12,stable_tools_runtime_after_user,20000,12,621300,550016,0,71284,7800,1,0.0,0.472457,0.0,0.472457,0.8853,
openai_auto_lcp,steady_12,stable_tools_runtime_before_user,20000,12,621300,541184,0,80116,7800,1,0.0,0.496303,0.0,0.496303,0.8711,
openai_auto_lcp,steady_12,soul_system_rewrite,20000,12,621300,560896,0,60404,7800,1,0.0,0.443081,0.0,0.443081,0.9028,
openai_auto_lcp,steady_12,mode_specific_tools_runtime_after_user,20000,12,525300,461824,0,63476,7800,1,0.0,0.422575,0.0,0.422575,0.8792,winner
openai_auto_lcp,steady_12,volatile_context_runtime_after_user,20000,12,621300,240768,0,380532,7800,1,0.0,1.307422,0.0,1.307422,0.3875,
openai_auto_lcp,steady_12,generic_dispatcher_runtime_after_user,20000,12,489300,428928,0,60372,7800,1,0.72,0.403394,0.024204,0.427598,0.8766,
openai_auto_lcp,steady_12,stable_tools_runtime_after_user,80000,12,1341300,1209984,0,131316,7800,1,0.0,0.850543,0.0,0.850543,0.9021,
openai_auto_lcp,steady_12,stable_tools_runtime_before_user,80000,12,1341300,1201024,0,140276,7800,1,0.0,0.874735,0.0,0.874735,0.8954,
openai_auto_lcp,steady_12,soul_system_rewrite,80000,12,1341300,1220736,0,120564,7800,1,0.0,0.821513,0.0,0.821513,0.9101,
openai_auto_lcp,steady_12,mode_specific_tools_runtime_after_user,80000,12,1245300,1121664,0,123636,7800,1,0.0,0.801007,0.0,0.801007,0.9007,winner
openai_auto_lcp,steady_12,volatile_context_runtime_after_user,80000,12,1341300,240768,0,1100532,7800,1,0.0,3.467422,0.0,3.467422,0.1795,
openai_auto_lcp,steady_12,generic_dispatcher_runtime_after_user,80000,12,1209300,1088896,0,120404,7800,1,0.72,0.781481,0.046889,0.82837,0.9004,
openai_auto_lcp,steady_12,stable_tools_runtime_after_user,160000,12,2301300,2089984,0,211316,7800,1,0.0,1.354543,0.0,1.354543,0.9082,
openai_auto_lcp,steady_12,stable_tools_runtime_before_user,160000,12,2301300,2081024,0,220276,7800,1,0.0,1.378735,0.0,1.378735,0.9043,
openai_auto_lcp,steady_12,soul_system_rewrite,160000,12,2301300,2100736,0,200564,7800,1,0.0,1.325513,0.0,1.325513,0.9128,
openai_auto_lcp,steady_12,mode_specific_tools_runtime_after_user,160000,12,2205300,2001664,0,203636,7800,1,0.0,1.305007,0.0,1.305007,0.9077,winner
openai_auto_lcp,steady_12,volatile_context_runtime_after_user,160000,12,2301300,240768,0,2060532,7800,1,0.0,6.347422,0.0,6.347422,0.1046,
openai_auto_lcp,steady_12,generic_dispatcher_runtime_after_user,160000,12,2169300,1968896,0,200404,7800,1,0.72,1.285481,0.077129,1.36261,0.9076,
openai_auto_lcp,posture_heavy_12,stable_tools_runtime_after_user,20000,12,621300,550016,0,71284,7800,1,0.0,0.472457,0.0,0.472457,0.8853,
openai_auto_lcp,posture_heavy_12,stable_tools_runtime_before_user,20000,12,621300,541184,0,80116,7800,1,0.0,0.496303,0.0,0.496303,0.8711,
openai_auto_lcp,posture_heavy_12,soul_system_rewrite,20000,12,621300,448000,0,173300,7800,1,0.0,0.7479,0.0,0.7479,0.7211,
openai_auto_lcp,posture_heavy_12,mode_specific_tools_runtime_after_user,20000,12,525300,461824,0,63476,7800,1,0.0,0.422575,0.0,0.422575,0.8792,winner
openai_auto_lcp,posture_heavy_12,volatile_context_runtime_after_user,20000,12,621300,240768,0,380532,7800,1,0.0,1.307422,0.0,1.307422,0.3875,
openai_auto_lcp,posture_heavy_12,generic_dispatcher_runtime_after_user,20000,12,489300,428928,0,60372,7800,1,0.72,0.403394,0.024204,0.427598,0.8766,
openai_auto_lcp,posture_heavy_12,stable_tools_runtime_after_user,80000,12,1341300,1209984,0,131316,7800,1,0.0,0.850543,0.0,0.850543,0.9021,
openai_auto_lcp,posture_heavy_12,stable_tools_runtime_before_user,80000,12,1341300,1201024,0,140276,7800,1,0.0,0.874735,0.0,0.874735,0.8954,
openai_auto_lcp,posture_heavy_12,soul_system_rewrite,80000,12,1341300,927744,0,413556,7800,1,0.0,1.612591,0.0,1.612591,0.6917,
openai_auto_lcp,posture_heavy_12,mode_specific_tools_runtime_after_user,80000,12,1245300,1121664,0,123636,7800,1,0.0,0.801007,0.0,0.801007,0.9007,winner
openai_auto_lcp,posture_heavy_12,volatile_context_runtime_after_user,80000,12,1341300,240768,0,1100532,7800,1,0.0,3.467422,0.0,3.467422,0.1795,
openai_auto_lcp,posture_heavy_12,generic_dispatcher_runtime_after_user,80000,12,1209300,1088896,0,120404,7800,1,0.72,0.781481,0.046889,0.82837,0.9004,
openai_auto_lcp,posture_heavy_12,stable_tools_runtime_after_user,160000,12,2301300,2089984,0,211316,7800,1,0.0,1.354543,0.0,1.354543,0.9082,
openai_auto_lcp,posture_heavy_12,stable_tools_runtime_before_user,160000,12,2301300,2081024,0,220276,7800,1,0.0,1.378735,0.0,1.378735,0.9043,
openai_auto_lcp,posture_heavy_12,soul_system_rewrite,160000,12,2301300,1567744,0,733556,7800,1,0.0,2.764591,0.0,2.764591,0.6812,
openai_auto_lcp,posture_heavy_12,mode_specific_tools_runtime_after_user,160000,12,2205300,2001664,0,203636,7800,1,0.0,1.305007,0.0,1.305007,0.9077,winner
openai_auto_lcp,posture_heavy_12,volatile_context_runtime_after_user,160000,12,2301300,240768,0,2060532,7800,1,0.0,6.347422,0.0,6.347422,0.1046,
openai_auto_lcp,posture_heavy_12,generic_dispatcher_runtime_after_user,160000,12,2169300,1968896,0,200404,7800,1,0.72,1.285481,0.077129,1.36261,0.9076,
openai_auto_lcp,tool_mode_12,stable_tools_runtime_after_user,20000,12,621300,550016,0,71284,7800,1,0.0,0.472457,0.0,0.472457,0.8853,
openai_auto_lcp,tool_mode_12,stable_tools_runtime_before_user,20000,12,621300,541184,0,80116,7800,1,0.0,0.496303,0.0,0.496303,0.8711,
openai_auto_lcp,tool_mode_12,soul_system_rewrite,20000,12,621300,560896,0,60404,7800,1,0.0,0.443081,0.0,0.443081,0.9028,
openai_auto_lcp,tool_mode_12,mode_specific_tools_runtime_after_user,20000,12,525300,377856,0,147444,7800,3,0.0,0.649289,0.0,0.649289,0.7193,
openai_auto_lcp,tool_mode_12,volatile_context_runtime_after_user,20000,12,621300,240768,0,380532,7800,1,0.0,1.307422,0.0,1.307422,0.3875,
openai_auto_lcp,tool_mode_12,generic_dispatcher_runtime_after_user,20000,12,489300,428928,0,60372,7800,1,0.72,0.403394,0.024204,0.427598,0.8766,winner
openai_auto_lcp,tool_mode_12,stable_tools_runtime_after_user,80000,12,1341300,1209984,0,131316,7800,1,0.0,0.850543,0.0,0.850543,0.9021,
openai_auto_lcp,tool_mode_12,stable_tools_runtime_before_user,80000,12,1341300,1201024,0,140276,7800,1,0.0,0.874735,0.0,0.874735,0.8954,
openai_auto_lcp,tool_mode_12,soul_system_rewrite,80000,12,1341300,1220736,0,120564,7800,1,0.0,0.821513,0.0,0.821513,0.9101,winner
openai_auto_lcp,tool_mode_12,mode_specific_tools_runtime_after_user,80000,12,1245300,917760,0,327540,7800,3,0.0,1.351547,0.0,1.351547,0.737,
openai_auto_lcp,tool_mode_12,volatile_context_runtime_after_user,80000,12,1341300,240768,0,1100532,7800,1,0.0,3.467422,0.0,3.467422,0.1795,
openai_auto_lcp,tool_mode_12,generic_dispatcher_runtime_after_user,80000,12,1209300,1088896,0,120404,7800,1,0.72,0.781481,0.046889,0.82837,0.9004,
openai_auto_lcp,tool_mode_12,stable_tools_runtime_after_user,160000,12,2301300,2089984,0,211316,7800,1,0.0,1.354543,0.0,1.354543,0.9082,
openai_auto_lcp,tool_mode_12,stable_tools_runtime_before_user,160000,12,2301300,2081024,0,220276,7800,1,0.0,1.378735,0.0,1.378735,0.9043,
openai_auto_lcp,tool_mode_12,soul_system_rewrite,160000,12,2301300,2100736,0,200564,7800,1,0.0,1.325513,0.0,1.325513,0.9128,winner
openai_auto_lcp,tool_mode_12,mode_specific_tools_runtime_after_user,160000,12,2205300,1637760,0,567540,7800,3,0.0,2.287547,0.0,2.287547,0.7426,
openai_auto_lcp,tool_mode_12,volatile_context_runtime_after_user,160000,12,2301300,240768,0,2060532,7800,1,0.0,6.347422,0.0,6.347422,0.1046,
openai_auto_lcp,tool_mode_12,generic_dispatcher_runtime_after_user,160000,12,2169300,1968896,0,200404,7800,1,0.72,1.285481,0.077129,1.36261,0.9076,
openai_auto_lcp,mixed_agent_12,stable_tools_runtime_after_user,20000,12,621300,496640,0,124660,7800,1,0.0,0.616571,0.0,0.616571,0.7994,
openai_auto_lcp,mixed_agent_12,stable_tools_runtime_before_user,20000,12,621300,489472,0,131828,7800,1,0.0,0.635925,0.0,0.635925,0.7878,
openai_auto_lcp,mixed_agent_12,soul_system_rewrite,20000,12,621300,394752,0,226548,7800,1,0.0,0.89167,0.0,0.89167,0.6354,
openai_auto_lcp,mixed_agent_12,mode_specific_tools_runtime_after_user,20000,12,525300,324736,0,200564,7800,3,0.0,0.792713,0.0,0.792713,0.6182,
openai_auto_lcp,mixed_agent_12,volatile_context_runtime_after_user,20000,12,621300,240768,0,380532,7800,1,0.0,1.307422,0.0,1.307422,0.3875,
openai_auto_lcp,mixed_agent_12,generic_dispatcher_runtime_after_user,20000,12,489300,375552,0,113748,7800,1,0.72,0.54751,0.032851,0.580361,0.7675,winner
openai_auto_lcp,mixed_agent_12,stable_tools_runtime_after_user,80000,12,1341300,1036672,0,304628,7800,1,0.0,1.318485,0.0,1.318485,0.7729,winner
openai_auto_lcp,mixed_agent_12,stable_tools_runtime_before_user,80000,12,1341300,1029376,0,311924,7800,1,0.0,1.338183,0.0,1.338183,0.7674,
openai_auto_lcp,mixed_agent_12,soul_system_rewrite,80000,12,1341300,754560,0,586740,7800,1,0.0,2.080189,0.0,2.080189,0.5626,
openai_auto_lcp,mixed_agent_12,mode_specific_tools_runtime_after_user,80000,12,1245300,744576,0,500724,7800,3,0.0,1.819145,0.0,1.819145,0.5979,
openai_auto_lcp,mixed_agent_12,volatile_context_runtime_after_user,80000,12,1341300,240768,0,1100532,7800,1,0.0,3.467422,0.0,3.467422,0.1795,
openai_auto_lcp,mixed_agent_12,generic_dispatcher_runtime_after_user,80000,12,1209300,915584,0,293716,7800,1,0.72,1.249423,0.074965,1.324388,0.7571,
openai_auto_lcp,mixed_agent_12,stable_tools_runtime_after_user,160000,12,2301300,1756672,0,544628,7800,1,0.0,2.254485,0.0,2.254485,0.7633,winner
openai_auto_lcp,mixed_agent_12,stable_tools_runtime_before_user,160000,12,2301300,1749376,0,551924,7800,1,0.0,2.274183,0.0,2.274183,0.7602,
openai_auto_lcp,mixed_agent_12,soul_system_rewrite,160000,12,2301300,1234560,0,1066740,7800,1,0.0,3.664189,0.0,3.664189,0.5365,
openai_auto_lcp,mixed_agent_12,mode_specific_tools_runtime_after_user,160000,12,2205300,1304576,0,900724,7800,3,0.0,3.187145,0.0,3.187145,0.5916,
openai_auto_lcp,mixed_agent_12,volatile_context_runtime_after_user,160000,12,2301300,240768,0,2060532,7800,1,0.0,6.347422,0.0,6.347422,0.1046,
openai_auto_lcp,mixed_agent_12,generic_dispatcher_runtime_after_user,160000,12,2169300,1635584,0,533716,7800,1,0.72,2.185423,0.131125,2.316548,0.754,
openai_auto_lcp,long_mixed_40,stable_tools_runtime_after_user,20000,40,2883000,2639872,0,243128,26000,1,0.0,1.833346,0.0,1.833346,0.9157,
openai_auto_lcp,long_mixed_40,stable_tools_runtime_before_user,20000,40,2883000,2610560,0,272440,26000,1,0.0,1.912487,0.0,1.912487,0.9055,
openai_auto_lcp,long_mixed_40,soul_system_rewrite,20000,40,2883000,2384512,0,498488,26000,1,0.0,2.522816,0.0,2.522816,0.8271,
openai_auto_lcp,long_mixed_40,mode_specific_tools_runtime_after_user,20000,40,2563000,2207232,0,355768,26000,4,0.0,2.041473,0.0,2.041473,0.8612,
openai_auto_lcp,long_mixed_40,volatile_context_runtime_after_user,20000,40,2883000,853632,0,2029368,26000,1,0.0,6.656178,0.0,6.656178,0.2961,
openai_auto_lcp,long_mixed_40,generic_dispatcher_runtime_after_user,20000,40,2443000,2211072,0,231928,26000,1,2.4,1.671105,0.100266,1.771371,0.9051,winner
openai_auto_lcp,long_mixed_40,stable_tools_runtime_after_user,80000,40,5283000,4860160,0,422840,26000,1,0.0,3.038567,0.0,3.038567,0.92,winner
openai_auto_lcp,long_mixed_40,stable_tools_runtime_before_user,80000,40,5283000,4830592,0,452408,26000,1,0.0,3.1184,0.0,3.1184,0.9144,
openai_auto_lcp,long_mixed_40,soul_system_rewrite,80000,40,5283000,4303872,0,979128,26000,1,0.0,4.540545,0.0,4.540545,0.8147,
openai_auto_lcp,long_mixed_40,mode_specific_tools_runtime_after_user,80000,40,4963000,4306944,0,656056,26000,4,0.0,3.572251,0.0,3.572251,0.8678,
openai_auto_lcp,long_mixed_40,volatile_context_runtime_after_user,80000,40,5283000,853632,0,4429368,26000,1,0.0,13.856178,0.0,13.856178,0.1616,
openai_auto_lcp,long_mixed_40,generic_dispatcher_runtime_after_user,80000,40,4843000,4431360,0,411640,26000,1,2.4,2.876327,0.17258,3.048907,0.915,
openai_auto_lcp,long_mixed_40,stable_tools_runtime_after_user,160000,40,8483000,7820160,0,662840,26000,1,0.0,4.646567,0.0,4.646567,0.9219,winner
openai_auto_lcp,long_mixed_40,stable_tools_runtime_before_user,160000,40,8483000,7790592,0,692408,26000,1,0.0,4.7264,0.0,4.7264,0.9184,
openai_auto_lcp,long_mixed_40,soul_system_rewrite,160000,40,8483000,6863872,0,1619128,26000,1,0.0,7.228545,0.0,7.228545,0.8091,
openai_auto_lcp,long_mixed_40,mode_specific_tools_runtime_after_user,160000,40,8163000,7106944,0,1056056,26000,4,0.0,5.612251,0.0,5.612251,0.8706,
openai_auto_lcp,long_mixed_40,volatile_context_runtime_after_user,160000,40,8483000,853632,0,7629368,26000,1,0.0,23.456178,0.0,23.456178,0.1006,
openai_auto_lcp,long_mixed_40,generic_dispatcher_runtime_after_user,160000,40,8043000,7391360,0,651640,26000,1,2.4,4.484327,0.26906,4.753387,0.919,
gemini_explicit_static,steady_12,stable_tools_runtime_after_user,20000,12,621300,462000,42000,117300,7800,1,0.0,0.334874,0.0,0.334874,0.7436,
gemini_explicit_static,steady_12,stable_tools_runtime_before_user,20000,12,621300,462000,42000,117300,7800,1,0.0,0.334874,0.0,0.334874,0.7436,
gemini_explicit_static,steady_12,soul_system_rewrite,20000,12,621300,473000,43000,105300,7800,1,0.0,0.322498,0.0,0.322498,0.7613,
gemini_explicit_static,steady_12,mode_specific_tools_runtime_after_user,20000,12,525300,374000,34000,117300,7800,1,0.0,0.313875,0.0,0.313875,0.712,winner
gemini_explicit_static,steady_12,volatile_context_runtime_after_user,20000,12,621300,0,504000,117300,7800,12,0.0,0.854628,0.0,0.854628,0.0,
gemini_explicit_static,steady_12,generic_dispatcher_runtime_after_user,20000,12,489300,341000,31000,117300,7800,1,0.72,0.306,0.01836,0.32436,0.6969,
gemini_explicit_static,steady_12,stable_tools_runtime_after_user,80000,12,1341300,1122000,102000,117300,7800,1,0.0,0.492373,0.0,0.492373,0.8365,
gemini_explicit_static,steady_12,stable_tools_runtime_before_user,80000,12,1341300,1122000,102000,117300,7800,1,0.0,0.492373,0.0,0.492373,0.8365,
gemini_explicit_static,steady_12,soul_system_rewrite,80000,12,1341300,1133000,103000,105300,7800,1,0.0,0.479999,0.0,0.479999,0.8447,
gemini_explicit_static,steady_12,mode_specific_tools_runtime_after_user,80000,12,1245300,1034000,94000,117300,7800,1,0.0,0.471373,0.0,0.471373,0.8303,winner
gemini_explicit_static,steady_12,volatile_context_runtime_after_user,80000,12,1341300,0,1224000,117300,7800,12,0.0,1.754628,0.0,1.754628,0.0,
gemini_explicit_static,steady_12,generic_dispatcher_runtime_after_user,80000,12,1209300,1001000,91000,117300,7800,1,0.72,0.463498,0.02781,0.491308,0.8278,
gemini_explicit_static,steady_12,stable_tools_runtime_after_user,160000,12,2301300,2002000,182000,117300,7800,1,0.0,0.702375,0.0,0.702375,0.8699,
gemini_explicit_static,steady_12,stable_tools_runtime_before_user,160000,12,2301300,2002000,182000,117300,7800,1,0.0,0.702375,0.0,0.702375,0.8699,
gemini_explicit_static,steady_12,soul_system_rewrite,160000,12,2301300,2013000,183000,105300,7800,1,0.0,0.69,0.0,0.69,0.8747,
gemini_explicit_static,steady_12,mode_specific_tools_runtime_after_user,160000,12,2205300,1914000,174000,117300,7800,1,0.0,0.681374,0.0,0.681374,0.8679,winner
gemini_explicit_static,steady_12,volatile_context_runtime_after_user,160000,12,2301300,0,2184000,117300,7800,12,0.0,2.954622,0.0,2.954622,0.0,
gemini_explicit_static,steady_12,generic_dispatcher_runtime_after_user,160000,12,2169300,1881000,171000,117300,7800,1,0.72,0.673502,0.04041,0.713912,0.8671,
gemini_explicit_static,posture_heavy_12,stable_tools_runtime_after_user,20000,12,621300,462000,42000,117300,7800,1,0.0,0.334874,0.0,0.334874,0.7436,
gemini_explicit_static,posture_heavy_12,stable_tools_runtime_before_user,20000,12,621300,462000,42000,117300,7800,1,0.0,0.334874,0.0,0.334874,0.7436,
gemini_explicit_static,posture_heavy_12,soul_system_rewrite,20000,12,621300,344000,172000,105300,7800,4,0.0,0.467623,0.0,0.467623,0.5537,
gemini_explicit_static,posture_heavy_12,mode_specific_tools_runtime_after_user,20000,12,525300,374000,34000,117300,7800,1,0.0,0.313875,0.0,0.313875,0.712,winner
gemini_explicit_static,posture_heavy_12,volatile_context_runtime_after_user,20000,12,621300,0,504000,117300,7800,12,0.0,0.854628,0.0,0.854628,0.0,
gemini_explicit_static,posture_heavy_12,generic_dispatcher_runtime_after_user,20000,12,489300,341000,31000,117300,7800,1,0.72,0.306,0.01836,0.32436,0.6969,
gemini_explicit_static,posture_heavy_12,stable_tools_runtime_after_user,80000,12,1341300,1122000,102000,117300,7800,1,0.0,0.492373,0.0,0.492373,0.8365,
gemini_explicit_static,posture_heavy_12,stable_tools_runtime_before_user,80000,12,1341300,1122000,102000,117300,7800,1,0.0,0.492373,0.0,0.492373,0.8365,
gemini_explicit_static,posture_heavy_12,soul_system_rewrite,80000,12,1341300,824000,412000,105300,7800,4,0.0,0.827625,0.0,0.827625,0.6143,
gemini_explicit_static,posture_heavy_12,mode_specific_tools_runtime_after_user,80000,12,1245300,1034000,94000,117300,7800,1,0.0,0.471373,0.0,0.471373,0.8303,winner
gemini_explicit_static,posture_heavy_12,volatile_context_runtime_after_user,80000,12,1341300,0,1224000,117300,7800,12,0.0,1.754628,0.0,1.754628,0.0,
gemini_explicit_static,posture_heavy_12,generic_dispatcher_runtime_after_user,80000,12,1209300,1001000,91000,117300,7800,1,0.72,0.463498,0.02781,0.491308,0.8278,
gemini_explicit_static,posture_heavy_12,stable_tools_runtime_after_user,160000,12,2301300,2002000,182000,117300,7800,1,0.0,0.702375,0.0,0.702375,0.8699,
gemini_explicit_static,posture_heavy_12,stable_tools_runtime_before_user,160000,12,2301300,2002000,182000,117300,7800,1,0.0,0.702375,0.0,0.702375,0.8699,
gemini_explicit_static,posture_heavy_12,soul_system_rewrite,160000,12,2301300,1464000,732000,105300,7800,4,0.0,1.307625,0.0,1.307625,0.6362,
gemini_explicit_static,posture_heavy_12,mode_specific_tools_runtime_after_user,160000,12,2205300,1914000,174000,117300,7800,1,0.0,0.681374,0.0,0.681374,0.8679,winner
gemini_explicit_static,posture_heavy_12,volatile_context_runtime_after_user,160000,12,2301300,0,2184000,117300,7800,12,0.0,2.954622,0.0,2.954622,0.0,
gemini_explicit_static,posture_heavy_12,generic_dispatcher_runtime_after_user,160000,12,2169300,1881000,171000,117300,7800,1,0.72,0.673502,0.04041,0.713912,0.8671,
gemini_explicit_static,tool_mode_12,stable_tools_runtime_after_user,20000,12,621300,462000,42000,117300,7800,1,0.0,0.334874,0.0,0.334874,0.7436,
gemini_explicit_static,tool_mode_12,stable_tools_runtime_before_user,20000,12,621300,462000,42000,117300,7800,1,0.0,0.334874,0.0,0.334874,0.7436,
gemini_explicit_static,tool_mode_12,soul_system_rewrite,20000,12,621300,473000,43000,105300,7800,1,0.0,0.322498,0.0,0.322498,0.7613,winner
gemini_explicit_static,tool_mode_12,mode_specific_tools_runtime_after_user,20000,12,525300,306000,102000,117300,7800,3,0.0,0.390375,0.0,0.390375,0.5825,
gemini_explicit_static,tool_mode_12,volatile_context_runtime_after_user,20000,12,621300,0,504000,117300,7800,12,0.0,0.854628,0.0,0.854628,0.0,
gemini_explicit_static,tool_mode_12,generic_dispatcher_runtime_after_user,20000,12,489300,341000,31000,117300,7800,1,0.72,0.306,0.01836,0.32436,0.6969,
gemini_explicit_static,tool_mode_12,stable_tools_runtime_after_user,80000,12,1341300,1122000,102000,117300,7800,1,0.0,0.492373,0.0,0.492373,0.8365,
gemini_explicit_static,tool_mode_12,stable_tools_runtime_before_user,80000,12,1341300,1122000,102000,117300,7800,1,0.0,0.492373,0.0,0.492373,0.8365,
gemini_explicit_static,tool_mode_12,soul_system_rewrite,80000,12,1341300,1133000,103000,105300,7800,1,0.0,0.479999,0.0,0.479999,0.8447,winner
gemini_explicit_static,tool_mode_12,mode_specific_tools_runtime_after_user,80000,12,1245300,846000,282000,117300,7800,3,0.0,0.682873,0.0,0.682873,0.6794,
gemini_explicit_static,tool_mode_12,volatile_context_runtime_after_user,80000,12,1341300,0,1224000,117300,7800,12,0.0,1.754628,0.0,1.754628,0.0,
gemini_explicit_static,tool_mode_12,generic_dispatcher_runtime_after_user,80000,12,1209300,1001000,91000,117300,7800,1,0.72,0.463498,0.02781,0.491308,0.8278,
gemini_explicit_static,tool_mode_12,stable_tools_runtime_after_user,160000,12,2301300,2002000,182000,117300,7800,1,0.0,0.702375,0.0,0.702375,0.8699,
gemini_explicit_static,tool_mode_12,stable_tools_runtime_before_user,160000,12,2301300,2002000,182000,117300,7800,1,0.0,0.702375,0.0,0.702375,0.8699,
gemini_explicit_static,tool_mode_12,soul_system_rewrite,160000,12,2301300,2013000,183000,105300,7800,1,0.0,0.69,0.0,0.69,0.8747,winner
gemini_explicit_static,tool_mode_12,mode_specific_tools_runtime_after_user,160000,12,2205300,1566000,522000,117300,7800,3,0.0,1.072874,0.0,1.072874,0.7101,
gemini_explicit_static,tool_mode_12,volatile_context_runtime_after_user,160000,12,2301300,0,2184000,117300,7800,12,0.0,2.954622,0.0,2.954622,0.0,
gemini_explicit_static,tool_mode_12,generic_dispatcher_runtime_after_user,160000,12,2169300,1881000,171000,117300,7800,1,0.72,0.673502,0.04041,0.713912,0.8671,
gemini_explicit_static,mixed_agent_12,stable_tools_runtime_after_user,20000,12,621300,378000,126000,117300,7800,3,0.0,0.429376,0.0,0.429376,0.6084,
gemini_explicit_static,mixed_agent_12,stable_tools_runtime_before_user,20000,12,621300,378000,126000,117300,7800,3,0.0,0.429376,0.0,0.429376,0.6084,
gemini_explicit_static,mixed_agent_12,soul_system_rewrite,20000,12,621300,258000,258000,105300,7800,6,0.0,0.564374,0.0,0.564374,0.4153,
gemini_explicit_static,mixed_agent_12,mode_specific_tools_runtime_after_user,20000,12,525300,238000,170000,117300,7800,5,0.0,0.466876,0.0,0.466876,0.4531,
gemini_explicit_static,mixed_agent_12,volatile_context_runtime_after_user,20000,12,621300,0,504000,117300,7800,12,0.0,0.854628,0.0,0.854628,0.0,
gemini_explicit_static,mixed_agent_12,generic_dispatcher_runtime_after_user,20000,12,489300,279000,93000,117300,7800,3,0.72,0.375749,0.022545,0.398294,0.5702,winner
gemini_explicit_static,mixed_agent_12,stable_tools_runtime_after_user,80000,12,1341300,918000,306000,117300,7800,3,0.0,0.721874,0.0,0.721874,0.6844,
gemini_explicit_static,mixed_agent_12,stable_tools_runtime_before_user,80000,12,1341300,918000,306000,117300,7800,3,0.0,0.721874,0.0,0.721874,0.6844,
gemini_explicit_static,mixed_agent_12,soul_system_rewrite,80000,12,1341300,618000,618000,105300,7800,6,0.0,1.059376,0.0,1.059376,0.4607,
gemini_explicit_static,mixed_agent_12,mode_specific_tools_runtime_after_user,80000,12,1245300,658000,470000,117300,7800,5,0.0,0.894373,0.0,0.894373,0.5284,
gemini_explicit_static,mixed_agent_12,volatile_context_runtime_after_user,80000,12,1341300,0,1224000,117300,7800,12,0.0,1.754628,0.0,1.754628,0.0,
gemini_explicit_static,mixed_agent_12,generic_dispatcher_runtime_after_user,80000,12,1209300,819000,273000,117300,7800,3,0.72,0.668247,0.040095,0.708342,0.6773,winner
gemini_explicit_static,mixed_agent_12,stable_tools_runtime_after_user,160000,12,2301300,1638000,546000,117300,7800,3,0.0,1.111875,0.0,1.111875,0.7118,winner
gemini_explicit_static,mixed_agent_12,stable_tools_runtime_before_user,160000,12,2301300,1638000,546000,117300,7800,3,0.0,1.111875,0.0,1.111875,0.7118,winner
gemini_explicit_static,mixed_agent_12,soul_system_rewrite,160000,12,2301300,1098000,1098000,105300,7800,6,0.0,1.719377,0.0,1.719377,0.4771,
gemini_explicit_static,mixed_agent_12,mode_specific_tools_runtime_after_user,160000,12,2205300,1218000,870000,117300,7800,5,0.0,1.464374,0.0,1.464374,0.5523,
gemini_explicit_static,mixed_agent_12,volatile_context_runtime_after_user,160000,12,2301300,0,2184000,117300,7800,12,0.0,2.954622,0.0,2.954622,0.0,
gemini_explicit_static,mixed_agent_12,generic_dispatcher_runtime_after_user,160000,12,2169300,1539000,513000,117300,7800,3,0.72,1.058252,0.063495,1.121747,0.7094,
gemini_explicit_static,long_mixed_40,stable_tools_runtime_after_user,20000,40,2883000,1554000,126000,1203000,26000,3,0.0,2.115501,0.0,2.115501,0.539,winner
gemini_explicit_static,long_mixed_40,stable_tools_runtime_before_user,20000,40,2883000,1554000,126000,1203000,26000,3,0.0,2.115501,0.0,2.115501,0.539,winner
gemini_explicit_static,long_mixed_40,soul_system_rewrite,20000,40,2883000,1376000,344000,1163000,26000,8,0.0,2.315746,0.0,2.315746,0.4773,
gemini_explicit_static,long_mixed_40,mode_specific_tools_runtime_after_user,20000,40,2563000,1190000,170000,1203000,26000,5,0.0,2.125004,0.0,2.125004,0.4643,
gemini_explicit_static,long_mixed_40,volatile_context_runtime_after_user,20000,40,2883000,0,1680000,1203000,26000,40,0.0,3.863759,0.0,3.863759,0.0,
gemini_explicit_static,long_mixed_40,generic_dispatcher_runtime_after_user,20000,40,2443000,1147000,93000,1203000,26000,3,2.4,2.023378,0.121403,2.144781,0.4695,
gemini_explicit_static,long_mixed_40,stable_tools_runtime_after_user,80000,40,5283000,3774000,306000,1203000,26000,3,0.0,2.617998,0.0,2.617998,0.7144,winner
gemini_explicit_static,long_mixed_40,stable_tools_runtime_before_user,80000,40,5283000,3774000,306000,1203000,26000,3,0.0,2.617998,0.0,2.617998,0.7144,winner
gemini_explicit_static,long_mixed_40,soul_system_rewrite,80000,40,5283000,3296000,824000,1163000,26000,8,0.0,3.155751,0.0,3.155751,0.6239,
gemini_explicit_static,long_mixed_40,mode_specific_tools_runtime_after_user,80000,40,4963000,3290000,470000,1203000,26000,5,0.0,2.762499,0.0,2.762499,0.6629,
gemini_explicit_static,long_mixed_40,volatile_context_runtime_after_user,80000,40,5283000,0,4080000,1203000,26000,40,0.0,6.863757,0.0,6.863757,0.0,
gemini_explicit_static,long_mixed_40,generic_dispatcher_runtime_after_user,80000,40,4843000,3367000,273000,1203000,26000,3,2.4,2.525874,0.151552,2.677426,0.6952,
gemini_explicit_static,long_mixed_40,stable_tools_runtime_after_user,160000,40,8483000,6734000,546000,1203000,26000,3,0.0,3.288,0.0,3.288,0.7938,winner
gemini_explicit_static,long_mixed_40,stable_tools_runtime_before_user,160000,40,8483000,6734000,546000,1203000,26000,3,0.0,3.288,0.0,3.288,0.7938,winner
gemini_explicit_static,long_mixed_40,soul_system_rewrite,160000,40,8483000,5856000,1464000,1163000,26000,8,0.0,4.275751,0.0,4.275751,0.6903,
gemini_explicit_static,long_mixed_40,mode_specific_tools_runtime_after_user,160000,40,8163000,6090000,870000,1203000,26000,5,0.0,3.612498,0.0,3.612498,0.746,
gemini_explicit_static,long_mixed_40,volatile_context_runtime_after_user,160000,40,8483000,0,7280000,1203000,26000,40,0.0,10.863744,0.0,10.863744,0.0,
gemini_explicit_static,long_mixed_40,generic_dispatcher_runtime_after_user,160000,40,8043000,6327000,513000,1203000,26000,3,2.4,3.195883,0.191753,3.387636,0.7866,
xai_auto_message_prefix,steady_12,stable_tools_runtime_after_user,20000,12,621300,550550,0,70750,7800,1,0.0,0.494415,0.0,0.494415,0.8861,
xai_auto_message_prefix,steady_12,stable_tools_runtime_before_user,20000,12,621300,541750,0,79550,7800,1,0.0,0.518175,0.0,0.518175,0.872,
xai_auto_message_prefix,steady_12,soul_system_rewrite,20000,12,621300,561550,0,59750,7800,1,0.0,0.464715,0.0,0.464715,0.9038,
xai_auto_message_prefix,steady_12,mode_specific_tools_runtime_after_user,20000,12,525300,462550,0,62750,7800,1,0.0,0.444015,0.0,0.444015,0.8805,winner
xai_auto_message_prefix,steady_12,volatile_context_runtime_after_user,20000,12,621300,242000,0,379300,7800,1,0.0,1.3275,0.0,1.3275,0.3895,
xai_auto_message_prefix,steady_12,generic_dispatcher_runtime_after_user,20000,12,489300,429550,0,59750,7800,1,0.72,0.425115,0.025507,0.450622,0.8779,
xai_auto_message_prefix,steady_12,stable_tools_runtime_after_user,80000,12,1341300,1210550,0,130750,7800,1,0.0,0.872415,0.0,0.872415,0.9025,
xai_auto_message_prefix,steady_12,stable_tools_runtime_before_user,80000,12,1341300,1201750,0,139550,7800,1,0.0,0.896175,0.0,0.896175,0.896,
xai_auto_message_prefix,steady_12,soul_system_rewrite,80000,12,1341300,1221550,0,119750,7800,1,0.0,0.842715,0.0,0.842715,0.9107,
xai_auto_message_prefix,steady_12,mode_specific_tools_runtime_after_user,80000,12,1245300,1122550,0,122750,7800,1,0.0,0.822015,0.0,0.822015,0.9014,winner
xai_auto_message_prefix,steady_12,volatile_context_runtime_after_user,80000,12,1341300,242000,0,1099300,7800,1,0.0,3.4875,0.0,3.4875,0.1804,
xai_auto_message_prefix,steady_12,generic_dispatcher_runtime_after_user,80000,12,1209300,1089550,0,119750,7800,1,0.72,0.803115,0.048187,0.851302,0.901,
xai_auto_message_prefix,steady_12,stable_tools_runtime_after_user,160000,12,2301300,2090550,0,210750,7800,1,0.0,1.376415,0.0,1.376415,0.9084,
xai_auto_message_prefix,steady_12,stable_tools_runtime_before_user,160000,12,2301300,2081750,0,219550,7800,1,0.0,1.400175,0.0,1.400175,0.9046,
xai_auto_message_prefix,steady_12,soul_system_rewrite,160000,12,2301300,2101550,0,199750,7800,1,0.0,1.346715,0.0,1.346715,0.9132,
xai_auto_message_prefix,steady_12,mode_specific_tools_runtime_after_user,160000,12,2205300,2002550,0,202750,7800,1,0.0,1.326015,0.0,1.326015,0.9081,winner
xai_auto_message_prefix,steady_12,volatile_context_runtime_after_user,160000,12,2301300,242000,0,2059300,7800,1,0.0,6.3675,0.0,6.3675,0.1052,
xai_auto_message_prefix,steady_12,generic_dispatcher_runtime_after_user,160000,12,2169300,1969550,0,199750,7800,1,0.72,1.307115,0.078427,1.385542,0.9079,
xai_auto_message_prefix,posture_heavy_12,stable_tools_runtime_after_user,20000,12,621300,550550,0,70750,7800,1,0.0,0.494415,0.0,0.494415,0.8861,
xai_auto_message_prefix,posture_heavy_12,stable_tools_runtime_before_user,20000,12,621300,541750,0,79550,7800,1,0.0,0.518175,0.0,0.518175,0.872,
xai_auto_message_prefix,posture_heavy_12,soul_system_rewrite,20000,12,621300,448750,0,172550,7800,1,0.0,0.769275,0.0,0.769275,0.7223,
xai_auto_message_prefix,posture_heavy_12,mode_specific_tools_runtime_after_user,20000,12,525300,462550,0,62750,7800,1,0.0,0.444015,0.0,0.444015,0.8805,winner
xai_auto_message_prefix,posture_heavy_12,volatile_context_runtime_after_user,20000,12,621300,242000,0,379300,7800,1,0.0,1.3275,0.0,1.3275,0.3895,
xai_auto_message_prefix,posture_heavy_12,generic_dispatcher_runtime_after_user,20000,12,489300,429550,0,59750,7800,1,0.72,0.425115,0.025507,0.450622,0.8779,
xai_auto_message_prefix,posture_heavy_12,stable_tools_runtime_after_user,80000,12,1341300,1210550,0,130750,7800,1,0.0,0.872415,0.0,0.872415,0.9025,
xai_auto_message_prefix,posture_heavy_12,stable_tools_runtime_before_user,80000,12,1341300,1201750,0,139550,7800,1,0.0,0.896175,0.0,0.896175,0.896,
xai_auto_message_prefix,posture_heavy_12,soul_system_rewrite,80000,12,1341300,928750,0,412550,7800,1,0.0,1.633275,0.0,1.633275,0.6924,
xai_auto_message_prefix,posture_heavy_12,mode_specific_tools_runtime_after_user,80000,12,1245300,1122550,0,122750,7800,1,0.0,0.822015,0.0,0.822015,0.9014,winner
xai_auto_message_prefix,posture_heavy_12,volatile_context_runtime_after_user,80000,12,1341300,242000,0,1099300,7800,1,0.0,3.4875,0.0,3.4875,0.1804,
xai_auto_message_prefix,posture_heavy_12,generic_dispatcher_runtime_after_user,80000,12,1209300,1089550,0,119750,7800,1,0.72,0.803115,0.048187,0.851302,0.901,
xai_auto_message_prefix,posture_heavy_12,stable_tools_runtime_after_user,160000,12,2301300,2090550,0,210750,7800,1,0.0,1.376415,0.0,1.376415,0.9084,
xai_auto_message_prefix,posture_heavy_12,stable_tools_runtime_before_user,160000,12,2301300,2081750,0,219550,7800,1,0.0,1.400175,0.0,1.400175,0.9046,
xai_auto_message_prefix,posture_heavy_12,soul_system_rewrite,160000,12,2301300,1568750,0,732550,7800,1,0.0,2.785275,0.0,2.785275,0.6817,
xai_auto_message_prefix,posture_heavy_12,mode_specific_tools_runtime_after_user,160000,12,2205300,2002550,0,202750,7800,1,0.0,1.326015,0.0,1.326015,0.9081,winner
xai_auto_message_prefix,posture_heavy_12,volatile_context_runtime_after_user,160000,12,2301300,242000,0,2059300,7800,1,0.0,6.3675,0.0,6.3675,0.1052,
xai_auto_message_prefix,posture_heavy_12,generic_dispatcher_runtime_after_user,160000,12,2169300,1969550,0,199750,7800,1,0.72,1.307115,0.078427,1.385542,0.9079,
xai_auto_message_prefix,tool_mode_12,stable_tools_runtime_after_user,20000,12,621300,550550,0,70750,7800,1,0.0,0.494415,0.0,0.494415,0.8861,
xai_auto_message_prefix,tool_mode_12,stable_tools_runtime_before_user,20000,12,621300,541750,0,79550,7800,1,0.0,0.518175,0.0,0.518175,0.872,
xai_auto_message_prefix,tool_mode_12,soul_system_rewrite,20000,12,621300,561550,0,59750,7800,1,0.0,0.464715,0.0,0.464715,0.9038,
xai_auto_message_prefix,tool_mode_12,mode_specific_tools_runtime_after_user,20000,12,525300,378450,0,146850,7800,3,0.0,0.671085,0.0,0.671085,0.7204,
xai_auto_message_prefix,tool_mode_12,volatile_context_runtime_after_user,20000,12,621300,242000,0,379300,7800,1,0.0,1.3275,0.0,1.3275,0.3895,
xai_auto_message_prefix,tool_mode_12,generic_dispatcher_runtime_after_user,20000,12,489300,429550,0,59750,7800,1,0.72,0.425115,0.025507,0.450622,0.8779,winner
xai_auto_message_prefix,tool_mode_12,stable_tools_runtime_after_user,80000,12,1341300,1210550,0,130750,7800,1,0.0,0.872415,0.0,0.872415,0.9025,
xai_auto_message_prefix,tool_mode_12,stable_tools_runtime_before_user,80000,12,1341300,1201750,0,139550,7800,1,0.0,0.896175,0.0,0.896175,0.896,
xai_auto_message_prefix,tool_mode_12,soul_system_rewrite,80000,12,1341300,1221550,0,119750,7800,1,0.0,0.842715,0.0,0.842715,0.9107,winner
xai_auto_message_prefix,tool_mode_12,mode_specific_tools_runtime_after_user,80000,12,1245300,918450,0,326850,7800,3,0.0,1.373085,0.0,1.373085,0.7375,
xai_auto_message_prefix,tool_mode_12,volatile_context_runtime_after_user,80000,12,1341300,242000,0,1099300,7800,1,0.0,3.4875,0.0,3.4875,0.1804,
xai_auto_message_prefix,tool_mode_12,generic_dispatcher_runtime_after_user,80000,12,1209300,1089550,0,119750,7800,1,0.72,0.803115,0.048187,0.851302,0.901,
xai_auto_message_prefix,tool_mode_12,stable_tools_runtime_after_user,160000,12,2301300,2090550,0,210750,7800,1,0.0,1.376415,0.0,1.376415,0.9084,
xai_auto_message_prefix,tool_mode_12,stable_tools_runtime_before_user,160000,12,2301300,2081750,0,219550,7800,1,0.0,1.400175,0.0,1.400175,0.9046,
xai_auto_message_prefix,tool_mode_12,soul_system_rewrite,160000,12,2301300,2101550,0,199750,7800,1,0.0,1.346715,0.0,1.346715,0.9132,winner
xai_auto_message_prefix,tool_mode_12,mode_specific_tools_runtime_after_user,160000,12,2205300,1638450,0,566850,7800,3,0.0,2.309085,0.0,2.309085,0.743,
xai_auto_message_prefix,tool_mode_12,volatile_context_runtime_after_user,160000,12,2301300,242000,0,2059300,7800,1,0.0,6.3675,0.0,6.3675,0.1052,
xai_auto_message_prefix,tool_mode_12,generic_dispatcher_runtime_after_user,160000,12,2169300,1969550,0,199750,7800,1,0.72,1.307115,0.078427,1.385542,0.9079,
xai_auto_message_prefix,mixed_agent_12,stable_tools_runtime_after_user,20000,12,621300,497350,0,123950,7800,1,0.0,0.638055,0.0,0.638055,0.8005,
xai_auto_message_prefix,mixed_agent_12,stable_tools_runtime_before_user,20000,12,621300,490150,0,131150,7800,1,0.0,0.657495,0.0,0.657495,0.7889,
xai_auto_message_prefix,mixed_agent_12,soul_system_rewrite,20000,12,621300,395550,0,225750,7800,1,0.0,0.912915,0.0,0.912915,0.6366,
xai_auto_message_prefix,mixed_agent_12,mode_specific_tools_runtime_after_user,20000,12,525300,325250,0,200050,7800,3,0.0,0.814725,0.0,0.814725,0.6192,
xai_auto_message_prefix,mixed_agent_12,volatile_context_runtime_after_user,20000,12,621300,242000,0,379300,7800,1,0.0,1.3275,0.0,1.3275,0.3895,
xai_auto_message_prefix,mixed_agent_12,generic_dispatcher_runtime_after_user,20000,12,489300,376350,0,112950,7800,1,0.72,0.568755,0.034125,0.60288,0.7692,winner
xai_auto_message_prefix,mixed_agent_12,stable_tools_runtime_after_user,80000,12,1341300,1037350,0,303950,7800,1,0.0,1.340055,0.0,1.340055,0.7734,winner
xai_auto_message_prefix,mixed_agent_12,stable_tools_runtime_before_user,80000,12,1341300,1030150,0,311150,7800,1,0.0,1.359495,0.0,1.359495,0.768,
xai_auto_message_prefix,mixed_agent_12,soul_system_rewrite,80000,12,1341300,755550,0,585750,7800,1,0.0,2.100915,0.0,2.100915,0.5633,
xai_auto_message_prefix,mixed_agent_12,mode_specific_tools_runtime_after_user,80000,12,1245300,745250,0,500050,7800,3,0.0,1.840725,0.0,1.840725,0.5985,
xai_auto_message_prefix,mixed_agent_12,volatile_context_runtime_after_user,80000,12,1341300,242000,0,1099300,7800,1,0.0,3.4875,0.0,3.4875,0.1804,
xai_auto_message_prefix,mixed_agent_12,generic_dispatcher_runtime_after_user,80000,12,1209300,916350,0,292950,7800,1,0.72,1.270755,0.076245,1.347,0.7578,
xai_auto_message_prefix,mixed_agent_12,stable_tools_runtime_after_user,160000,12,2301300,1757350,0,543950,7800,1,0.0,2.276055,0.0,2.276055,0.7636,winner
xai_auto_message_prefix,mixed_agent_12,stable_tools_runtime_before_user,160000,12,2301300,1750150,0,551150,7800,1,0.0,2.295495,0.0,2.295495,0.7605,
xai_auto_message_prefix,mixed_agent_12,soul_system_rewrite,160000,12,2301300,1235550,0,1065750,7800,1,0.0,3.684915,0.0,3.684915,0.5369,
xai_auto_message_prefix,mixed_agent_12,mode_specific_tools_runtime_after_user,160000,12,2205300,1305250,0,900050,7800,3,0.0,3.208725,0.0,3.208725,0.5919,
xai_auto_message_prefix,mixed_agent_12,volatile_context_runtime_after_user,160000,12,2301300,242000,0,2059300,7800,1,0.0,6.3675,0.0,6.3675,0.1052,
xai_auto_message_prefix,mixed_agent_12,generic_dispatcher_runtime_after_user,160000,12,2169300,1636350,0,532950,7800,1,0.72,2.206755,0.132405,2.33916,0.7543,
xai_auto_message_prefix,long_mixed_40,stable_tools_runtime_after_user,20000,40,2883000,2642600,0,240400,26000,1,0.0,1.90398,0.0,1.90398,0.9166,
xai_auto_message_prefix,long_mixed_40,stable_tools_runtime_before_user,20000,40,2883000,2613000,0,270000,26000,1,0.0,1.9839,0.0,1.9839,0.9063,
xai_auto_message_prefix,long_mixed_40,soul_system_rewrite,20000,40,2883000,2386900,0,496100,26000,1,0.0,2.59437,0.0,2.59437,0.8279,
xai_auto_message_prefix,long_mixed_40,mode_specific_tools_runtime_after_user,20000,40,2563000,2209300,0,353700,26000,4,0.0,2.11389,0.0,2.11389,0.862,
xai_auto_message_prefix,long_mixed_40,volatile_context_runtime_after_user,20000,40,2883000,858000,0,2025000,26000,1,0.0,6.7224,0.0,6.7224,0.2976,
xai_auto_message_prefix,long_mixed_40,generic_dispatcher_runtime_after_user,20000,40,2443000,2213600,0,229400,26000,1,2.4,1.74228,0.104537,1.846817,0.9061,winner
xai_auto_message_prefix,long_mixed_40,stable_tools_runtime_after_user,80000,40,5283000,4862600,0,420400,26000,1,0.0,3.10998,0.0,3.10998,0.9204,winner
xai_auto_message_prefix,long_mixed_40,stable_tools_runtime_before_user,80000,40,5283000,4833000,0,450000,26000,1,0.0,3.1899,0.0,3.1899,0.9148,
xai_auto_message_prefix,long_mixed_40,soul_system_rewrite,80000,40,5283000,4306900,0,976100,26000,1,0.0,4.61037,0.0,4.61037,0.8152,
xai_auto_message_prefix,long_mixed_40,mode_specific_tools_runtime_after_user,80000,40,4963000,4309300,0,653700,26000,4,0.0,3.64389,0.0,3.64389,0.8683,
xai_auto_message_prefix,long_mixed_40,volatile_context_runtime_after_user,80000,40,5283000,858000,0,4425000,26000,1,0.0,13.9224,0.0,13.9224,0.1624,
xai_auto_message_prefix,long_mixed_40,generic_dispatcher_runtime_after_user,80000,40,4843000,4433600,0,409400,26000,1,2.4,2.94828,0.176897,3.125177,0.9155,
xai_auto_message_prefix,long_mixed_40,stable_tools_runtime_after_user,160000,40,8483000,7822600,0,660400,26000,1,0.0,4.71798,0.0,4.71798,0.9222,winner
xai_auto_message_prefix,long_mixed_40,stable_tools_runtime_before_user,160000,40,8483000,7793000,0,690000,26000,1,0.0,4.7979,0.0,4.7979,0.9187,
xai_auto_message_prefix,long_mixed_40,soul_system_rewrite,160000,40,8483000,6866900,0,1616100,26000,1,0.0,7.29837,0.0,7.29837,0.8095,
xai_auto_message_prefix,long_mixed_40,mode_specific_tools_runtime_after_user,160000,40,8163000,7109300,0,1053700,26000,4,0.0,5.68389,0.0,5.68389,0.8709,
xai_auto_message_prefix,long_mixed_40,volatile_context_runtime_after_user,160000,40,8483000,858000,0,7625000,26000,1,0.0,23.5224,0.0,23.5224,0.1011,
xai_auto_message_prefix,long_mixed_40,generic_dispatcher_runtime_after_user,160000,40,8043000,7393600,0,649400,26000,1,2.4,4.55628,0.273377,4.829657,0.9193,
