session,strategy,turn,visible_tokens,cached_read_tokens,uncached_tokens,compaction_call,classifier_call,hidden_bytes,dollars
small_edit_8,raw_retained_transcript,1,320,0,320,0,0,0,0.00096
small_edit_8,raw_retained_transcript,2,1220,320,900,0,0,0,0.002796
small_edit_8,raw_retained_transcript,3,3820,1220,2600,0,0,0,0.008166
small_edit_8,raw_retained_transcript,4,4270,3820,450,0,0,0,0.002496
small_edit_8,raw_retained_transcript,5,4970,4270,700,0,0,0,0.003381
small_edit_8,raw_retained_transcript,6,6370,4970,1400,0,0,0,0.005691
small_edit_8,raw_retained_transcript,7,6590,6370,220,0,0,0,0.002571
small_edit_8,raw_retained_transcript,8,6940,6590,350,0,0,0,0.003027
small_edit_8,adaptive_raw_then_mrc,1,320,0,320,0,0,1280,0.00096
small_edit_8,adaptive_raw_then_mrc,2,1220,320,900,0,0,4880,0.002796
small_edit_8,adaptive_raw_then_mrc,3,3820,1220,2600,0,0,15280,0.008166
small_edit_8,adaptive_raw_then_mrc,4,4270,3820,450,0,0,17080,0.002496
small_edit_8,adaptive_raw_then_mrc,5,4970,4270,700,0,0,19880,0.003381
small_edit_8,adaptive_raw_then_mrc,6,6370,4970,1400,0,0,25480,0.005691
small_edit_8,adaptive_raw_then_mrc,7,6590,6370,220,0,0,26360,0.002571
small_edit_8,adaptive_raw_then_mrc,8,6940,6590,350,0,0,27760,0.003027
small_edit_8,rolling_model_summary,1,320,0,320,0,0,0,0.00096
small_edit_8,rolling_model_summary,2,1220,320,900,0,0,0,0.002796
small_edit_8,rolling_model_summary,3,3820,1220,2600,0,0,0,0.008166
small_edit_8,rolling_model_summary,4,4270,3820,450,0,0,0,0.002496
small_edit_8,rolling_model_summary,5,4970,4270,700,0,0,0,0.003381
small_edit_8,rolling_model_summary,6,1781,0,1781,1,0,0,0.005343
small_edit_8,rolling_model_summary,7,2001,1781,220,0,0,0,0.001194
small_edit_8,rolling_model_summary,8,2351,2001,350,0,0,0,0.00165
small_edit_8,vcc_source_view,1,1066,0,1066,0,0,1280,0.003198
small_edit_8,vcc_source_view,2,1174,479,695,0,0,4880,0.002229
small_edit_8,vcc_source_view,3,1452,528,924,0,0,15280,0.00293
small_edit_8,vcc_source_view,4,1452,653,799,0,0,17080,0.002593
small_edit_8,vcc_source_view,5,1642,653,989,0,0,19880,0.003163
small_edit_8,vcc_source_view,6,1642,738,904,0,0,25480,0.002933
small_edit_8,vcc_source_view,7,1680,738,942,0,0,26360,0.003047
small_edit_8,vcc_source_view,8,1680,756,924,0,0,27760,0.002999
small_edit_8,pi_vcc_sections,1,840,0,840,0,0,1280,0.00252
small_edit_8,pi_vcc_sections,2,915,294,621,0,0,4880,0.001951
small_edit_8,pi_vcc_sections,3,1095,320,775,0,0,15280,0.002421
small_edit_8,pi_vcc_sections,4,1095,383,712,0,0,17080,0.002251
small_edit_8,pi_vcc_sections,5,1215,383,832,0,0,19880,0.002611
small_edit_8,pi_vcc_sections,6,1215,425,790,0,0,25480,0.002498
small_edit_8,pi_vcc_sections,7,1245,425,820,0,0,26360,0.002587
small_edit_8,pi_vcc_sections,8,1245,435,810,0,0,27760,0.00256
small_edit_8,pi_mrc_keep_ref_drop,1,614,0,614,0,0,1280,0.001842
small_edit_8,pi_mrc_keep_ref_drop,2,654,153,501,0,0,4880,0.001549
small_edit_8,pi_mrc_keep_ref_drop,3,758,163,595,0,0,15280,0.001834
small_edit_8,pi_mrc_keep_ref_drop,4,758,189,569,0,0,17080,0.001764
small_edit_8,pi_mrc_keep_ref_drop,5,818,189,629,0,0,19880,0.001944
small_edit_8,pi_mrc_keep_ref_drop,6,818,204,614,0,0,25480,0.001903
small_edit_8,pi_mrc_keep_ref_drop,7,840,204,636,0,0,26360,0.001969
small_edit_8,pi_mrc_keep_ref_drop,8,840,210,630,0,0,27760,0.001953
small_edit_8,hybrid_sections_prompt_classifier,1,921,0,921,0,1,1280,0.002763
small_edit_8,hybrid_sections_prompt_classifier,2,987,368,619,0,0,4880,0.001967
small_edit_8,hybrid_sections_prompt_classifier,3,1156,394,762,0,0,15280,0.002404
small_edit_8,hybrid_sections_prompt_classifier,4,1156,462,694,0,0,17080,0.002221
small_edit_8,hybrid_sections_prompt_classifier,5,1269,462,807,0,0,19880,0.00256
small_edit_8,hybrid_sections_prompt_classifier,6,1269,507,762,0,0,25480,0.002438
small_edit_8,hybrid_sections_prompt_classifier,7,1297,507,790,0,0,26360,0.002522
small_edit_8,hybrid_sections_prompt_classifier,8,1297,518,779,0,0,27760,0.002492
broad_refactor_18,raw_retained_transcript,1,520,0,520,0,0,0,0.00156
broad_refactor_18,raw_retained_transcript,2,2120,520,1600,0,0,0,0.004956
broad_refactor_18,raw_retained_transcript,3,7620,2120,5500,0,0,0,0.017136
broad_refactor_18,raw_retained_transcript,4,14620,7620,7000,0,0,0,0.023286
broad_refactor_18,raw_retained_transcript,5,23620,14620,9000,0,0,0,0.031386
broad_refactor_18,raw_retained_transcript,6,24170,23620,550,0,0,0,0.008736
broad_refactor_18,raw_retained_transcript,7,26570,24170,2400,0,0,0,0.014451
broad_refactor_18,raw_retained_transcript,8,35070,26570,8500,0,0,0,0.033471
broad_refactor_18,raw_retained_transcript,9,38870,35070,3800,0,0,0,0.021921
broad_refactor_18,raw_retained_transcript,10,40470,38870,1600,0,0,0,0.016461
broad_refactor_18,raw_retained_transcript,11,46270,40470,5800,0,0,0,0.029541
broad_refactor_18,raw_retained_transcript,12,50470,46270,4200,0,0,0,0.026481
broad_refactor_18,raw_retained_transcript,13,52370,50470,1900,0,0,0,0.020841
broad_refactor_18,raw_retained_transcript,14,61370,52370,9000,0,0,0,0.042711
broad_refactor_18,raw_retained_transcript,15,61650,61370,280,0,0,0,0.019251
broad_refactor_18,raw_retained_transcript,16,62150,61650,500,0,0,0,0.019995
broad_refactor_18,raw_retained_transcript,17,65150,62150,3000,0,0,0,0.027645
broad_refactor_18,raw_retained_transcript,18,65650,65150,500,0,0,0,0.021045
broad_refactor_18,adaptive_raw_then_mrc,1,520,0,520,0,0,2080,0.00156
broad_refactor_18,adaptive_raw_then_mrc,2,2120,520,1600,0,0,8480,0.004956
broad_refactor_18,adaptive_raw_then_mrc,3,7620,2120,5500,0,0,30480,0.017136
broad_refactor_18,adaptive_raw_then_mrc,4,14620,7620,7000,0,0,58480,0.023286
broad_refactor_18,adaptive_raw_then_mrc,5,23620,14620,9000,0,0,94480,0.031386
broad_refactor_18,adaptive_raw_then_mrc,6,1330,0,1330,0,0,96680,0.00399
broad_refactor_18,adaptive_raw_then_mrc,7,1456,332,1124,0,0,106280,0.003472
broad_refactor_18,adaptive_raw_then_mrc,8,1713,364,1349,0,0,140280,0.004156
broad_refactor_18,adaptive_raw_then_mrc,9,1839,428,1411,0,0,155480,0.004361
broad_refactor_18,adaptive_raw_then_mrc,10,1943,459,1484,0,0,161880,0.00459
broad_refactor_18,adaptive_raw_then_mrc,11,2156,485,1671,0,0,185080,0.005158
broad_refactor_18,adaptive_raw_then_mrc,12,2282,539,1743,0,0,201880,0.005391
broad_refactor_18,adaptive_raw_then_mrc,13,2386,570,1816,0,0,209480,0.005619
broad_refactor_18,adaptive_raw_then_mrc,14,2136,534,1602,0,0,245480,0.004966
broad_refactor_18,adaptive_raw_then_mrc,15,2253,534,1719,0,0,246600,0.005317
broad_refactor_18,adaptive_raw_then_mrc,16,2297,563,1734,0,0,248600,0.005371
broad_refactor_18,adaptive_raw_then_mrc,17,2297,574,1723,0,0,260600,0.005341
broad_refactor_18,adaptive_raw_then_mrc,18,2297,574,1723,0,0,262600,0.005341
broad_refactor_18,rolling_model_summary,1,520,0,520,0,0,0,0.00156
broad_refactor_18,rolling_model_summary,2,2120,520,1600,0,0,0,0.004956
broad_refactor_18,rolling_model_summary,3,7620,2120,5500,0,0,0,0.017136
broad_refactor_18,rolling_model_summary,4,14620,7620,7000,0,0,0,0.023286
broad_refactor_18,rolling_model_summary,5,3820,0,3820,1,0,0,0.01146
broad_refactor_18,rolling_model_summary,6,2228,0,2228,1,0,0,0.006684
broad_refactor_18,rolling_model_summary,7,4628,2228,2400,0,0,0,0.007868
broad_refactor_18,rolling_model_summary,8,13128,4628,8500,0,0,0,0.026888
broad_refactor_18,rolling_model_summary,9,16928,13128,3800,0,0,0,0.015338
broad_refactor_18,rolling_model_summary,10,18528,16928,1600,0,0,0,0.009878
broad_refactor_18,rolling_model_summary,11,5200,0,5200,1,0,0,0.0156
broad_refactor_18,rolling_model_summary,12,4190,0,4190,1,0,0,0.01257
broad_refactor_18,rolling_model_summary,13,6090,4190,1900,0,0,0,0.006957
broad_refactor_18,rolling_model_summary,14,15090,6090,9000,0,0,0,0.028827
broad_refactor_18,rolling_model_summary,15,15370,15090,280,0,0,0,0.005367
broad_refactor_18,rolling_model_summary,16,15870,15370,500,0,0,0,0.006111
broad_refactor_18,rolling_model_summary,17,18870,15870,3000,0,0,0,0.013761
broad_refactor_18,rolling_model_summary,18,5534,0,5534,1,0,0,0.016602
broad_refactor_18,vcc_source_view,1,1104,0,1104,0,0,2080,0.003312
broad_refactor_18,vcc_source_view,2,1212,496,716,0,0,8480,0.002297
broad_refactor_18,vcc_source_view,3,1446,545,901,0,0,30480,0.002867
broad_refactor_18,vcc_source_view,4,2078,650,1428,0,0,58480,0.004479
broad_refactor_18,vcc_source_view,5,2722,935,1787,0,0,94480,0.005641
broad_refactor_18,vcc_source_view,6,2798,1224,1574,0,0,96680,0.005089
broad_refactor_18,vcc_source_view,7,3126,1259,1867,0,0,106280,0.005979
broad_refactor_18,vcc_source_view,8,3572,1406,2166,0,0,140280,0.00692
broad_refactor_18,vcc_source_view,9,3888,1607,2281,0,0,155480,0.007325
broad_refactor_18,vcc_source_view,10,4166,1749,2417,0,0,161880,0.007776
broad_refactor_18,vcc_source_view,11,4524,1874,2650,0,0,185080,0.008512
broad_refactor_18,vcc_source_view,12,4840,2035,2805,0,0,201880,0.009026
broad_refactor_18,vcc_source_view,13,5118,2178,2940,0,0,209480,0.009473
broad_refactor_18,vcc_source_view,14,4778,2150,2628,0,0,245480,0.008529
broad_refactor_18,vcc_source_view,15,4961,2150,2811,0,0,246600,0.009078
broad_refactor_18,vcc_source_view,16,5037,2232,2805,0,0,248600,0.009085
broad_refactor_18,vcc_source_view,17,5037,2266,2771,0,0,260600,0.008993
broad_refactor_18,vcc_source_view,18,5037,2266,2771,0,0,262600,0.008993
broad_refactor_18,pi_vcc_sections,1,870,0,870,0,0,2080,0.00261
broad_refactor_18,pi_vcc_sections,2,945,304,641,0,0,8480,0.002014
broad_refactor_18,pi_vcc_sections,3,1110,330,780,0,0,30480,0.002439
broad_refactor_18,pi_vcc_sections,4,1530,388,1142,0,0,58480,0.003542
broad_refactor_18,pi_vcc_sections,5,1950,535,1415,0,0,94480,0.004406
broad_refactor_18,pi_vcc_sections,6,2010,682,1328,0,0,96680,0.004189
broad_refactor_18,pi_vcc_sections,7,2220,703,1517,0,0,106280,0.004762
broad_refactor_18,pi_vcc_sections,8,2545,777,1768,0,0,140280,0.005537
broad_refactor_18,pi_vcc_sections,9,2755,890,1865,0,0,155480,0.005862
broad_refactor_18,pi_vcc_sections,10,2935,964,1971,0,0,161880,0.006202
broad_refactor_18,pi_vcc_sections,11,3200,1027,2173,0,0,185080,0.006827
broad_refactor_18,pi_vcc_sections,12,3410,1120,2290,0,0,201880,0.007206
broad_refactor_18,pi_vcc_sections,13,3590,1193,2397,0,0,209480,0.007549
broad_refactor_18,pi_vcc_sections,14,3300,1155,2145,0,0,245480,0.006782
broad_refactor_18,pi_vcc_sections,15,3470,1155,2315,0,0,246600,0.007291
broad_refactor_18,pi_vcc_sections,16,3530,1214,2316,0,0,248600,0.007312
broad_refactor_18,pi_vcc_sections,17,3530,1235,2295,0,0,260600,0.007256
broad_refactor_18,pi_vcc_sections,18,3530,1235,2295,0,0,262600,0.007256
broad_refactor_18,pi_mrc_keep_ref_drop,1,636,0,636,0,0,2080,0.001908
broad_refactor_18,pi_mrc_keep_ref_drop,2,676,159,517,0,0,8480,0.001599
broad_refactor_18,pi_mrc_keep_ref_drop,3,782,169,613,0,0,30480,0.00189
broad_refactor_18,pi_mrc_keep_ref_drop,4,1034,195,839,0,0,58480,0.002576
broad_refactor_18,pi_mrc_keep_ref_drop,5,1286,258,1028,0,0,94480,0.003161
broad_refactor_18,pi_mrc_keep_ref_drop,6,1330,321,1009,0,0,96680,0.003123
broad_refactor_18,pi_mrc_keep_ref_drop,7,1456,332,1124,0,0,106280,0.003472
broad_refactor_18,pi_mrc_keep_ref_drop,8,1713,364,1349,0,0,140280,0.004156
broad_refactor_18,pi_mrc_keep_ref_drop,9,1839,428,1411,0,0,155480,0.004361
broad_refactor_18,pi_mrc_keep_ref_drop,10,1943,459,1484,0,0,161880,0.00459
broad_refactor_18,pi_mrc_keep_ref_drop,11,2156,485,1671,0,0,185080,0.005158
broad_refactor_18,pi_mrc_keep_ref_drop,12,2282,539,1743,0,0,201880,0.005391
broad_refactor_18,pi_mrc_keep_ref_drop,13,2386,570,1816,0,0,209480,0.005619
broad_refactor_18,pi_mrc_keep_ref_drop,14,2136,534,1602,0,0,245480,0.004966
broad_refactor_18,pi_mrc_keep_ref_drop,15,2253,534,1719,0,0,246600,0.005317
broad_refactor_18,pi_mrc_keep_ref_drop,16,2297,563,1734,0,0,248600,0.005371
broad_refactor_18,pi_mrc_keep_ref_drop,17,2297,574,1723,0,0,260600,0.005341
broad_refactor_18,pi_mrc_keep_ref_drop,18,2297,574,1723,0,0,262600,0.005341
broad_refactor_18,hybrid_sections_prompt_classifier,1,949,0,949,0,1,2080,0.002847
broad_refactor_18,hybrid_sections_prompt_classifier,2,1015,379,636,0,0,8480,0.002022
broad_refactor_18,hybrid_sections_prompt_classifier,3,1165,406,759,0,0,30480,0.002399
broad_refactor_18,hybrid_sections_prompt_classifier,4,1559,466,1093,0,0,58480,0.003419
broad_refactor_18,hybrid_sections_prompt_classifier,5,1953,623,1330,0,0,94480,0.004177
broad_refactor_18,hybrid_sections_prompt_classifier,6,2009,781,1228,0,0,96680,0.003918
broad_refactor_18,hybrid_sections_prompt_classifier,7,2206,803,1403,0,0,106280,0.00445
broad_refactor_18,hybrid_sections_prompt_classifier,8,2514,882,1632,0,0,140280,0.005161
broad_refactor_18,hybrid_sections_prompt_classifier,9,2711,1005,1706,0,0,155480,0.005419
broad_refactor_18,hybrid_sections_prompt_classifier,10,2880,1084,1796,0,0,161880,0.005713
broad_refactor_18,hybrid_sections_prompt_classifier,11,3132,1152,1980,0,0,185080,0.006286
broad_refactor_18,hybrid_sections_prompt_classifier,12,3329,1252,2077,0,0,201880,0.006607
broad_refactor_18,hybrid_sections_prompt_classifier,13,3498,1331,2167,0,0,209480,0.0069
broad_refactor_18,hybrid_sections_prompt_classifier,14,3218,1287,1931,0,0,245480,0.006179
broad_refactor_18,hybrid_sections_prompt_classifier,15,3406,1287,2119,0,1,246600,0.006743
broad_refactor_18,hybrid_sections_prompt_classifier,16,3462,1362,2100,0,0,248600,0.006709
broad_refactor_18,hybrid_sections_prompt_classifier,17,3462,1384,2078,0,0,260600,0.006649
broad_refactor_18,hybrid_sections_prompt_classifier,18,3462,1384,2078,0,0,262600,0.006649
debug_loop_22,raw_retained_transcript,1,460,0,460,0,0,0,0.00138
debug_loop_22,raw_retained_transcript,2,3260,460,2800,0,0,0,0.008538
debug_loop_22,raw_retained_transcript,3,8760,3260,5500,0,0,0,0.017478
debug_loop_22,raw_retained_transcript,4,11960,8760,3200,0,0,0,0.012228
debug_loop_22,raw_retained_transcript,5,23960,11960,12000,0,0,0,0.039588
debug_loop_22,raw_retained_transcript,6,27960,23960,4000,0,0,0,0.019188
debug_loop_22,raw_retained_transcript,7,29260,27960,1300,0,0,0,0.012288
debug_loop_22,raw_retained_transcript,8,43260,29260,14000,0,0,0,0.050778
debug_loop_22,raw_retained_transcript,9,47760,43260,4500,0,0,0,0.026478
debug_loop_22,raw_retained_transcript,10,48360,47760,600,0,0,0,0.016128
debug_loop_22,raw_retained_transcript,11,49860,48360,1500,0,0,0,0.019008
debug_loop_22,raw_retained_transcript,12,57360,49860,7500,0,0,0,0.037458
debug_loop_22,raw_retained_transcript,13,60160,57360,2800,0,0,0,0.025608
debug_loop_22,raw_retained_transcript,14,61060,60160,900,0,0,0,0.020748
debug_loop_22,raw_retained_transcript,15,71560,61060,10500,0,0,0,0.049818
debug_loop_22,raw_retained_transcript,16,71860,71560,300,0,0,0,0.022368
debug_loop_22,raw_retained_transcript,17,72760,71860,900,0,0,0,0.024258
debug_loop_22,raw_retained_transcript,18,74760,72760,2000,0,0,0,0.027828
debug_loop_22,raw_retained_transcript,19,82760,74760,8000,0,0,0,0.046428
debug_loop_22,raw_retained_transcript,20,83210,82760,450,0,0,0,0.026178
debug_loop_22,raw_retained_transcript,21,83910,83210,700,0,0,0,0.027063
debug_loop_22,raw_retained_transcript,22,84410,83910,500,0,0,0,0.026673
debug_loop_22,adaptive_raw_then_mrc,1,460,0,460,0,0,1840,0.00138
debug_loop_22,adaptive_raw_then_mrc,2,3260,460,2800,0,0,13040,0.008538
debug_loop_22,adaptive_raw_then_mrc,3,8760,3260,5500,0,0,35040,0.017478
debug_loop_22,adaptive_raw_then_mrc,4,11960,8760,3200,0,0,47840,0.012228
debug_loop_22,adaptive_raw_then_mrc,5,23960,11960,12000,0,0,95840,0.039588
debug_loop_22,adaptive_raw_then_mrc,6,1395,0,1395,0,0,111840,0.004185
debug_loop_22,adaptive_raw_then_mrc,7,1477,348,1129,0,0,117040,0.003491
debug_loop_22,adaptive_raw_then_mrc,8,1756,369,1387,0,0,173040,0.004272
debug_loop_22,adaptive_raw_then_mrc,9,1862,439,1423,0,0,191040,0.004401
debug_loop_22,adaptive_raw_then_mrc,10,1906,465,1441,0,0,193440,0.004463
debug_loop_22,adaptive_raw_then_mrc,11,2010,476,1534,0,0,199440,0.004745
debug_loop_22,adaptive_raw_then_mrc,12,2223,502,1721,0,0,229440,0.005314
debug_loop_22,adaptive_raw_then_mrc,13,2327,555,1772,0,0,240640,0.005482
debug_loop_22,adaptive_raw_then_mrc,14,2409,581,1828,0,0,244240,0.005658
debug_loop_22,adaptive_raw_then_mrc,15,2159,539,1620,0,0,286240,0.005022
debug_loop_22,adaptive_raw_then_mrc,16,2231,539,1692,0,0,287440,0.005238
debug_loop_22,adaptive_raw_then_mrc,17,2275,557,1718,0,0,291040,0.005321
debug_loop_22,adaptive_raw_then_mrc,18,2315,568,1747,0,0,299040,0.005411
debug_loop_22,adaptive_raw_then_mrc,19,2190,547,1643,0,0,331040,0.005093
debug_loop_22,adaptive_raw_then_mrc,20,2234,547,1687,0,0,332840,0.005225
debug_loop_22,adaptive_raw_then_mrc,21,2294,558,1736,0,0,335640,0.005375
debug_loop_22,adaptive_raw_then_mrc,22,2294,573,1721,0,0,337640,0.005335
debug_loop_22,rolling_model_summary,1,460,0,460,0,0,0,0.00138
debug_loop_22,rolling_model_summary,2,3260,460,2800,0,0,0,0.008538
debug_loop_22,rolling_model_summary,3,8760,3260,5500,0,0,0,0.017478
debug_loop_22,rolling_model_summary,4,11960,8760,3200,0,0,0,0.012228
debug_loop_22,rolling_model_summary,5,3735,0,3735,1,0,0,0.011205
debug_loop_22,rolling_model_summary,6,2700,0,2700,1,0,0,0.0081
debug_loop_22,rolling_model_summary,7,4000,2700,1300,0,0,0,0.00471
debug_loop_22,rolling_model_summary,8,18000,4000,14000,0,0,0,0.0432
debug_loop_22,rolling_model_summary,9,4690,0,4690,1,0,0,0.01407
debug_loop_22,rolling_model_summary,10,5290,4690,600,0,0,0,0.003207
debug_loop_22,rolling_model_summary,11,6790,5290,1500,0,0,0,0.006087
debug_loop_22,rolling_model_summary,12,4700,0,4700,1,0,0,0.0141
debug_loop_22,rolling_model_summary,13,7500,4700,2800,0,0,0,0.00981
debug_loop_22,rolling_model_summary,14,8400,7500,900,0,0,0,0.00495
debug_loop_22,rolling_model_summary,15,18900,8400,10500,0,0,0,0.03402
debug_loop_22,rolling_model_summary,16,19200,18900,300,0,0,0,0.00657
debug_loop_22,rolling_model_summary,17,20100,19200,900,0,0,0,0.00846
debug_loop_22,rolling_model_summary,18,5485,0,5485,1,0,0,0.016455
debug_loop_22,rolling_model_summary,19,13485,5485,8000,0,0,0,0.025646
debug_loop_22,rolling_model_summary,20,13935,13485,450,0,0,0,0.005395
debug_loop_22,rolling_model_summary,21,14635,13935,700,0,0,0,0.00628
debug_loop_22,rolling_model_summary,22,15135,14635,500,0,0,0,0.00589
debug_loop_22,vcc_source_view,1,1104,0,1104,0,0,1840,0.003312
debug_loop_22,vcc_source_view,2,1288,496,792,0,0,13040,0.002525
debug_loop_22,vcc_source_view,3,1844,579,1265,0,0,35040,0.003969
debug_loop_22,vcc_source_view,4,2052,829,1223,0,0,47840,0.003918
debug_loop_22,vcc_source_view,5,2510,923,1587,0,0,95840,0.005038
debug_loop_22,vcc_source_view,6,2838,1129,1709,0,0,111840,0.005466
debug_loop_22,vcc_source_view,7,3078,1277,1801,0,0,117040,0.005786
debug_loop_22,vcc_source_view,8,3574,1385,2189,0,0,173040,0.006982
debug_loop_22,vcc_source_view,9,3832,1608,2224,0,0,191040,0.007154
debug_loop_22,vcc_source_view,10,3908,1724,2184,0,0,193440,0.007069
debug_loop_22,vcc_source_view,11,4186,1758,2428,0,0,199440,0.007811
debug_loop_22,vcc_source_view,12,4544,1883,2661,0,0,229440,0.008548
debug_loop_22,vcc_source_view,13,4822,2044,2778,0,0,240640,0.008947
debug_loop_22,vcc_source_view,14,5050,2169,2881,0,0,244240,0.009294
debug_loop_22,vcc_source_view,15,4710,2119,2591,0,0,286240,0.008409
debug_loop_22,vcc_source_view,16,4838,2119,2719,0,0,287440,0.008793
debug_loop_22,vcc_source_view,17,4914,2177,2737,0,0,291040,0.008864
debug_loop_22,vcc_source_view,18,5034,2211,2823,0,0,299040,0.009132
debug_loop_22,vcc_source_view,19,4864,2188,2676,0,0,331040,0.008684
debug_loop_22,vcc_source_view,20,4940,2188,2752,0,0,332840,0.008912
debug_loop_22,vcc_source_view,21,5130,2223,2907,0,0,335640,0.009388
debug_loop_22,vcc_source_view,22,5130,2308,2822,0,0,337640,0.009158
debug_loop_22,pi_vcc_sections,1,870,0,870,0,0,1840,0.00261
debug_loop_22,pi_vcc_sections,2,1005,304,701,0,0,13040,0.002194
debug_loop_22,pi_vcc_sections,3,1365,351,1014,0,0,35040,0.003147
debug_loop_22,pi_vcc_sections,4,1500,477,1023,0,0,47840,0.003212
debug_loop_22,pi_vcc_sections,5,1825,525,1300,0,0,95840,0.004057
debug_loop_22,pi_vcc_sections,6,2035,638,1397,0,0,111840,0.004382
debug_loop_22,pi_vcc_sections,7,2185,712,1473,0,0,117040,0.004633
debug_loop_22,pi_vcc_sections,8,2540,764,1776,0,0,173040,0.005557
debug_loop_22,pi_vcc_sections,9,2705,889,1816,0,0,191040,0.005715
debug_loop_22,pi_vcc_sections,10,2765,946,1819,0,0,193440,0.005741
debug_loop_22,pi_vcc_sections,11,2945,967,1978,0,0,199440,0.006224
debug_loop_22,pi_vcc_sections,12,3210,1030,2180,0,0,229440,0.006849
debug_loop_22,pi_vcc_sections,13,3390,1123,2267,0,0,240640,0.007138
debug_loop_22,pi_vcc_sections,14,3540,1186,2354,0,0,244240,0.007418
debug_loop_22,pi_vcc_sections,15,3250,1137,2113,0,0,286240,0.00668
debug_loop_22,pi_vcc_sections,16,3360,1137,2223,0,0,287440,0.00701
debug_loop_22,pi_vcc_sections,17,3420,1176,2244,0,0,291040,0.007085
debug_loop_22,pi_vcc_sections,18,3495,1197,2298,0,0,299040,0.007253
debug_loop_22,pi_vcc_sections,19,3350,1172,2178,0,0,331040,0.006886
debug_loop_22,pi_vcc_sections,20,3410,1172,2238,0,0,332840,0.007066
debug_loop_22,pi_vcc_sections,21,3530,1193,2337,0,0,335640,0.007369
debug_loop_22,pi_vcc_sections,22,3530,1235,2295,0,0,337640,0.007256
debug_loop_22,pi_mrc_keep_ref_drop,1,636,0,636,0,0,1840,0.001908
debug_loop_22,pi_mrc_keep_ref_drop,2,720,159,561,0,0,13040,0.001731
debug_loop_22,pi_mrc_keep_ref_drop,3,928,180,748,0,0,35040,0.002298
debug_loop_22,pi_mrc_keep_ref_drop,4,1012,232,780,0,0,47840,0.00241
debug_loop_22,pi_mrc_keep_ref_drop,5,1269,253,1016,0,0,95840,0.003124
debug_loop_22,pi_mrc_keep_ref_drop,6,1395,317,1078,0,0,111840,0.003329
debug_loop_22,pi_mrc_keep_ref_drop,7,1477,348,1129,0,0,117040,0.003491
debug_loop_22,pi_mrc_keep_ref_drop,8,1756,369,1387,0,0,173040,0.004272
debug_loop_22,pi_mrc_keep_ref_drop,9,1862,439,1423,0,0,191040,0.004401
debug_loop_22,pi_mrc_keep_ref_drop,10,1906,465,1441,0,0,193440,0.004463
debug_loop_22,pi_mrc_keep_ref_drop,11,2010,476,1534,0,0,199440,0.004745
debug_loop_22,pi_mrc_keep_ref_drop,12,2223,502,1721,0,0,229440,0.005314
debug_loop_22,pi_mrc_keep_ref_drop,13,2327,555,1772,0,0,240640,0.005482
debug_loop_22,pi_mrc_keep_ref_drop,14,2409,581,1828,0,0,244240,0.005658
debug_loop_22,pi_mrc_keep_ref_drop,15,2159,539,1620,0,0,286240,0.005022
debug_loop_22,pi_mrc_keep_ref_drop,16,2231,539,1692,0,0,287440,0.005238
debug_loop_22,pi_mrc_keep_ref_drop,17,2275,557,1718,0,0,291040,0.005321
debug_loop_22,pi_mrc_keep_ref_drop,18,2315,568,1747,0,0,299040,0.005411
debug_loop_22,pi_mrc_keep_ref_drop,19,2190,547,1643,0,0,331040,0.005093
debug_loop_22,pi_mrc_keep_ref_drop,20,2234,547,1687,0,0,332840,0.005225
debug_loop_22,pi_mrc_keep_ref_drop,21,2294,558,1736,0,0,335640,0.005375
debug_loop_22,pi_mrc_keep_ref_drop,22,2294,573,1721,0,0,337640,0.005335
debug_loop_22,hybrid_sections_prompt_classifier,1,949,0,949,0,1,1840,0.002847
debug_loop_22,hybrid_sections_prompt_classifier,2,1071,379,692,0,0,13040,0.00219
debug_loop_22,hybrid_sections_prompt_classifier,3,1409,428,981,0,0,35040,0.003071
debug_loop_22,hybrid_sections_prompt_classifier,4,1531,563,968,0,0,47840,0.003073
debug_loop_22,hybrid_sections_prompt_classifier,5,1839,612,1227,0,0,95840,0.003865
debug_loop_22,hybrid_sections_prompt_classifier,6,2036,735,1301,0,0,111840,0.004124
debug_loop_22,hybrid_sections_prompt_classifier,7,2177,814,1363,0,0,117040,0.004333
debug_loop_22,hybrid_sections_prompt_classifier,8,2513,870,1643,0,0,173040,0.00519
debug_loop_22,hybrid_sections_prompt_classifier,9,2663,1005,1658,0,0,191040,0.005275
debug_loop_22,hybrid_sections_prompt_classifier,10,2719,1065,1654,0,0,193440,0.005282
debug_loop_22,hybrid_sections_prompt_classifier,11,2888,1087,1801,0,0,199440,0.005729
debug_loop_22,hybrid_sections_prompt_classifier,12,3140,1155,1985,0,0,229440,0.006301
debug_loop_22,hybrid_sections_prompt_classifier,13,3309,1256,2053,0,0,240640,0.006536
debug_loop_22,hybrid_sections_prompt_classifier,14,3450,1323,2127,0,0,244240,0.006778
debug_loop_22,hybrid_sections_prompt_classifier,15,3170,1268,1902,0,0,286240,0.006086
debug_loop_22,hybrid_sections_prompt_classifier,16,3283,1268,2015,0,1,287440,0.006425
debug_loop_22,hybrid_sections_prompt_classifier,17,3339,1313,2026,0,0,291040,0.006472
debug_loop_22,hybrid_sections_prompt_classifier,18,3405,1335,2070,0,0,299040,0.00661
debug_loop_22,hybrid_sections_prompt_classifier,19,3265,1306,1959,0,0,331040,0.006269
debug_loop_22,hybrid_sections_prompt_classifier,20,3321,1306,2015,0,0,332840,0.006437
debug_loop_22,hybrid_sections_prompt_classifier,21,3434,1328,2106,0,0,335640,0.006716
debug_loop_22,hybrid_sections_prompt_classifier,22,3434,1373,2061,0,0,337640,0.006595
research_design_40,raw_retained_transcript,1,700,0,700,0,0,0,0.0021
research_design_40,raw_retained_transcript,2,6700,700,6000,0,0,0,0.01821
research_design_40,raw_retained_transcript,3,12200,6700,5500,0,0,0,0.01851
research_design_40,raw_retained_transcript,4,19200,12200,7000,0,0,0,0.02466
research_design_40,raw_retained_transcript,5,20100,19200,900,0,0,0,0.00846
research_design_40,raw_retained_transcript,6,20460,20100,360,0,0,0,0.00711
research_design_40,raw_retained_transcript,7,26960,20460,6500,0,0,0,0.025638
research_design_40,raw_retained_transcript,8,35460,26960,8500,0,0,0,0.033588
research_design_40,raw_retained_transcript,9,36260,35460,800,0,0,0,0.013038
research_design_40,raw_retained_transcript,10,40760,36260,4500,0,0,0,0.024378
research_design_40,raw_retained_transcript,11,47260,40760,6500,0,0,0,0.031728
research_design_40,raw_retained_transcript,12,47960,47260,700,0,0,0,0.016278
research_design_40,raw_retained_transcript,13,48260,47960,300,0,0,0,0.015288
research_design_40,raw_retained_transcript,14,53260,48260,5000,0,0,0,0.029478
research_design_40,raw_retained_transcript,15,54110,53260,850,0,0,0,0.018528
research_design_40,raw_retained_transcript,16,56610,54110,2500,0,0,0,0.023733
research_design_40,raw_retained_transcript,17,57260,56610,650,0,0,0,0.018933
research_design_40,raw_retained_transcript,18,61760,57260,4500,0,0,0,0.030678
research_design_40,raw_retained_transcript,19,62460,61760,700,0,0,0,0.020628
research_design_40,raw_retained_transcript,20,62720,62460,260,0,0,0,0.019518
research_design_40,raw_retained_transcript,21,70220,62720,7500,0,0,0,0.041316
research_design_40,raw_retained_transcript,22,71020,70220,800,0,0,0,0.023466
research_design_40,raw_retained_transcript,23,74020,71020,3000,0,0,0,0.030306
research_design_40,raw_retained_transcript,24,76020,74020,2000,0,0,0,0.028206
research_design_40,raw_retained_transcript,25,76670,76020,650,0,0,0,0.024756
research_design_40,raw_retained_transcript,26,81670,76670,5000,0,0,0,0.038001
research_design_40,raw_retained_transcript,27,82370,81670,700,0,0,0,0.026601
research_design_40,raw_retained_transcript,28,82790,82370,420,0,0,0,0.025971
research_design_40,raw_retained_transcript,29,86290,82790,3500,0,0,0,0.035337
research_design_40,raw_retained_transcript,30,87190,86290,900,0,0,0,0.028587
research_design_40,raw_retained_transcript,31,92690,87190,5500,0,0,0,0.042657
research_design_40,raw_retained_transcript,32,93440,92690,750,0,0,0,0.030057
research_design_40,raw_retained_transcript,33,97440,93440,4000,0,0,0,0.040032
research_design_40,raw_retained_transcript,34,100240,97440,2800,0,0,0,0.037632
research_design_40,raw_retained_transcript,35,101140,100240,900,0,0,0,0.032772
research_design_40,raw_retained_transcript,36,101360,101140,220,0,0,0,0.031002
research_design_40,raw_retained_transcript,37,104560,101360,3200,0,0,0,0.040008
research_design_40,raw_retained_transcript,38,105310,104560,750,0,0,0,0.033618
research_design_40,raw_retained_transcript,39,107110,105310,1800,0,0,0,0.036993
research_design_40,raw_retained_transcript,40,107760,107110,650,0,0,0,0.034083
research_design_40,adaptive_raw_then_mrc,1,700,0,700,0,0,2800,0.0021
research_design_40,adaptive_raw_then_mrc,2,6700,700,6000,0,0,26800,0.01821
research_design_40,adaptive_raw_then_mrc,3,12200,6700,5500,0,0,48800,0.01851
research_design_40,adaptive_raw_then_mrc,4,19200,12200,7000,0,0,76800,0.02466
research_design_40,adaptive_raw_then_mrc,5,20100,19200,900,0,0,80400,0.00846
research_design_40,adaptive_raw_then_mrc,6,20460,20100,360,0,0,81840,0.00711
research_design_40,adaptive_raw_then_mrc,7,1484,0,1484,0,0,107840,0.004452
research_design_40,adaptive_raw_then_mrc,8,1692,371,1321,0,0,141840,0.004074
research_design_40,adaptive_raw_then_mrc,9,1758,423,1335,0,0,145040,0.004132
research_design_40,adaptive_raw_then_mrc,10,1864,439,1425,0,0,163040,0.004407
research_design_40,adaptive_raw_then_mrc,11,2012,466,1546,0,0,189040,0.004778
research_design_40,adaptive_raw_then_mrc,12,2078,503,1575,0,0,191840,0.004876
research_design_40,adaptive_raw_then_mrc,13,2195,519,1676,0,0,193040,0.005184
research_design_40,adaptive_raw_then_mrc,14,2301,548,1753,0,0,213040,0.005423
research_design_40,adaptive_raw_then_mrc,15,2389,575,1814,0,0,216440,0.005615
research_design_40,adaptive_raw_then_mrc,16,2451,597,1854,0,0,226440,0.005741
research_design_40,adaptive_raw_then_mrc,17,2495,612,1883,0,0,229040,0.005833
research_design_40,adaptive_raw_then_mrc,18,2579,623,1956,0,0,247040,0.006055
research_design_40,adaptive_raw_then_mrc,19,2623,644,1979,0,0,249840,0.00613
research_design_40,adaptive_raw_then_mrc,20,2695,655,2040,0,0,250880,0.006317
research_design_40,adaptive_raw_then_mrc,21,2843,673,2170,0,0,280880,0.006712
research_design_40,adaptive_raw_then_mrc,22,2909,710,2199,0,0,284080,0.00681
research_design_40,adaptive_raw_then_mrc,23,2971,727,2244,0,0,296080,0.00695
research_design_40,adaptive_raw_then_mrc,24,2971,742,2229,0,0,304080,0.00691
research_design_40,adaptive_raw_then_mrc,25,3037,742,2295,0,0,306680,0.007108
research_design_40,adaptive_raw_then_mrc,26,3143,759,2384,0,0,326680,0.00738
research_design_40,adaptive_raw_then_mrc,27,3187,785,2402,0,0,329480,0.007442
research_design_40,adaptive_raw_then_mrc,28,3326,796,2530,0,0,331160,0.007829
research_design_40,adaptive_raw_then_mrc,29,3388,831,2557,0,0,345160,0.00792
research_design_40,adaptive_raw_then_mrc,30,3476,847,2629,0,0,348760,0.008141
research_design_40,adaptive_raw_then_mrc,31,3602,869,2733,0,0,370760,0.00846
research_design_40,adaptive_raw_then_mrc,32,3668,900,2768,0,0,373760,0.008574
research_design_40,adaptive_raw_then_mrc,33,3752,917,2835,0,0,389760,0.00878
research_design_40,adaptive_raw_then_mrc,34,3814,938,2876,0,0,400960,0.008909
research_design_40,adaptive_raw_then_mrc,35,3902,953,2949,0,0,404560,0.009133
research_design_40,adaptive_raw_then_mrc,36,3974,975,2999,0,0,405440,0.009289
research_design_40,adaptive_raw_then_mrc,37,4036,993,3043,0,0,418240,0.009427
research_design_40,adaptive_raw_then_mrc,38,4102,1009,3093,0,0,421240,0.009582
research_design_40,adaptive_raw_then_mrc,39,4102,1025,3077,0,0,428440,0.009539
research_design_40,adaptive_raw_then_mrc,40,4102,1025,3077,0,0,431040,0.009539
research_design_40,rolling_model_summary,1,700,0,700,0,0,0,0.0021
research_design_40,rolling_model_summary,2,6700,700,6000,0,0,0,0.01821
research_design_40,rolling_model_summary,3,12200,6700,5500,0,0,0,0.01851
research_design_40,rolling_model_summary,4,3595,0,3595,1,0,0,0.010785
research_design_40,rolling_model_summary,5,4495,3595,900,0,0,0,0.003779
research_design_40,rolling_model_summary,6,2332,0,2332,1,0,0,0.006996
research_design_40,rolling_model_summary,7,8832,2332,6500,0,0,0,0.0202
research_design_40,rolling_model_summary,8,17332,8832,8500,0,0,0,0.02815
research_design_40,rolling_model_summary,9,18132,17332,800,0,0,0,0.0076
research_design_40,rolling_model_summary,10,4805,0,4805,1,0,0,0.014415
research_design_40,rolling_model_summary,11,11305,4805,6500,0,0,0,0.020942
research_design_40,rolling_model_summary,12,4350,0,4350,1,0,0,0.01305
research_design_40,rolling_model_summary,13,4650,4350,300,0,0,0,0.002205
research_design_40,rolling_model_summary,14,9650,4650,5000,0,0,0,0.016395
research_design_40,rolling_model_summary,15,10500,9650,850,0,0,0,0.005445
research_design_40,rolling_model_summary,16,13000,10500,2500,0,0,0,0.01065
research_design_40,rolling_model_summary,17,13650,13000,650,0,0,0,0.00585
research_design_40,rolling_model_summary,18,5848,0,5848,1,0,0,0.017544
research_design_40,rolling_model_summary,19,6548,5848,700,0,0,0,0.003854
research_design_40,rolling_model_summary,20,6808,6548,260,0,0,0,0.002744
research_design_40,rolling_model_summary,21,14308,6808,7500,0,0,0,0.024542
research_design_40,rolling_model_summary,22,15108,14308,800,0,0,0,0.006692
research_design_40,rolling_model_summary,23,18108,15108,3000,0,0,0,0.013532
research_design_40,rolling_model_summary,24,6600,0,6600,1,0,0,0.0198
research_design_40,rolling_model_summary,25,7250,6600,650,0,0,0,0.00393
research_design_40,rolling_model_summary,26,12250,7250,5000,0,0,0,0.017175
research_design_40,rolling_model_summary,27,12950,12250,700,0,0,0,0.005775
research_design_40,rolling_model_summary,28,13370,12950,420,0,0,0,0.005145
research_design_40,rolling_model_summary,29,16870,13370,3500,0,0,0,0.014511
research_design_40,rolling_model_summary,30,7071,0,7071,1,0,0,0.021213
research_design_40,rolling_model_summary,31,12571,7071,5500,0,0,0,0.018621
research_design_40,rolling_model_summary,32,13321,12571,750,0,0,0,0.006021
research_design_40,rolling_model_summary,33,17321,13321,4000,0,0,0,0.015996
research_design_40,rolling_model_summary,34,20121,17321,2800,0,0,0,0.013596
research_design_40,rolling_model_summary,35,21021,20121,900,0,0,0,0.008736
research_design_40,rolling_model_summary,36,8202,0,8202,1,0,0,0.024606
research_design_40,rolling_model_summary,37,11402,8202,3200,0,0,0,0.012061
research_design_40,rolling_model_summary,38,12152,11402,750,0,0,0,0.005671
research_design_40,rolling_model_summary,39,13952,12152,1800,0,0,0,0.009046
research_design_40,rolling_model_summary,40,14602,13952,650,0,0,0,0.006136
research_design_40,vcc_source_view,1,1197,0,1197,0,0,2800,0.003591
research_design_40,vcc_source_view,2,1481,538,943,0,0,26800,0.00299
research_design_40,vcc_source_view,3,1765,666,1099,0,0,48800,0.003497
research_design_40,vcc_source_view,4,2169,794,1375,0,0,76800,0.004363
research_design_40,vcc_source_view,5,2321,976,1345,0,0,80400,0.004328
research_design_40,vcc_source_view,6,2542,1044,1498,0,0,81840,0.004807
research_design_40,vcc_source_view,7,2826,1143,1683,0,0,107840,0.005392
research_design_40,vcc_source_view,8,3382,1271,2111,0,0,141840,0.006714
research_design_40,vcc_source_view,9,3496,1521,1975,0,0,145040,0.006381
research_design_40,vcc_source_view,10,3730,1573,2157,0,0,163040,0.006943
research_design_40,vcc_source_view,11,4096,1678,2418,0,0,189040,0.007757
research_design_40,vcc_source_view,12,4210,1843,2367,0,0,191840,0.007654
research_design_40,vcc_source_view,13,4393,1894,2499,0,0,193040,0.008065
research_design_40,vcc_source_view,14,4639,1976,2663,0,0,213040,0.008582
research_design_40,vcc_source_view,15,4791,2087,2704,0,0,216440,0.008738
research_design_40,vcc_source_view,16,4949,2155,2794,0,0,226440,0.009029
research_design_40,vcc_source_view,17,5025,2227,2798,0,0,229040,0.009062
research_design_40,vcc_source_view,18,5221,2261,2960,0,0,247040,0.009558
research_design_40,vcc_source_view,19,5297,2349,2948,0,0,249840,0.009549
research_design_40,vcc_source_view,20,5425,2383,3042,0,0,250880,0.009841
research_design_40,vcc_source_view,21,5791,2441,3350,0,0,280880,0.010782
research_design_40,vcc_source_view,22,5905,2605,3300,0,0,284080,0.010681
research_design_40,vcc_source_view,23,6063,2657,3406,0,0,296080,0.011015
research_design_40,vcc_source_view,24,6063,2728,3335,0,0,304080,0.010823
research_design_40,vcc_source_view,25,6177,2728,3449,0,0,306680,0.011165
research_design_40,vcc_source_view,26,6423,2779,3644,0,0,326680,0.011766
research_design_40,vcc_source_view,27,6499,2890,3609,0,0,329480,0.011694
research_design_40,vcc_source_view,28,6720,2924,3796,0,0,331160,0.012265
research_design_40,vcc_source_view,29,6878,3024,3854,0,0,345160,0.012469
research_design_40,vcc_source_view,30,7030,3095,3935,0,0,348760,0.012734
research_design_40,vcc_source_view,31,7346,3163,4183,0,0,370760,0.013498
research_design_40,vcc_source_view,32,7460,3305,4155,0,0,373760,0.013456
research_design_40,vcc_source_view,33,7656,3357,4299,0,0,389760,0.013904
research_design_40,vcc_source_view,34,7814,3445,4369,0,0,400960,0.01414
research_design_40,vcc_source_view,35,7966,3516,4450,0,0,404560,0.014405
research_design_40,vcc_source_view,36,8094,3584,4510,0,0,405440,0.014605
research_design_40,vcc_source_view,37,8252,3642,4610,0,0,418240,0.014923
research_design_40,vcc_source_view,38,8366,3713,4653,0,0,421240,0.015073
research_design_40,vcc_source_view,39,8366,3764,4602,0,0,428440,0.014935
research_design_40,vcc_source_view,40,8366,3764,4602,0,0,431040,0.014935
research_design_40,pi_vcc_sections,1,960,0,960,0,0,2800,0.00288
research_design_40,pi_vcc_sections,2,1155,336,819,0,0,26800,0.002558
research_design_40,pi_vcc_sections,3,1350,404,946,0,0,48800,0.002959
research_design_40,pi_vcc_sections,4,1620,472,1148,0,0,76800,0.003586
research_design_40,pi_vcc_sections,5,1740,567,1173,0,0,80400,0.003689
research_design_40,pi_vcc_sections,6,1940,609,1331,0,0,81840,0.004176
research_design_40,pi_vcc_sections,7,2135,679,1456,0,0,107840,0.004572
research_design_40,pi_vcc_sections,8,2495,747,1748,0,0,141840,0.005468
research_design_40,pi_vcc_sections,9,2585,873,1712,0,0,145040,0.005398
research_design_40,pi_vcc_sections,10,2750,904,1846,0,0,163040,0.005809
research_design_40,pi_vcc_sections,11,2990,962,2028,0,0,189040,0.006373
research_design_40,pi_vcc_sections,12,3080,1046,2034,0,0,191840,0.006416
research_design_40,pi_vcc_sections,13,3250,1078,2172,0,0,193040,0.006839
research_design_40,pi_vcc_sections,14,3415,1137,2278,0,0,213040,0.007175
research_design_40,pi_vcc_sections,15,3535,1195,2340,0,0,216440,0.007379
research_design_40,pi_vcc_sections,16,3640,1237,2403,0,0,226440,0.00758
research_design_40,pi_vcc_sections,17,3700,1274,2426,0,0,229040,0.00766
research_design_40,pi_vcc_sections,18,3835,1295,2540,0,0,247040,0.008008
research_design_40,pi_vcc_sections,19,3895,1342,2553,0,0,249840,0.008062
research_design_40,pi_vcc_sections,20,4005,1363,2642,0,0,250880,0.008335
research_design_40,pi_vcc_sections,21,4245,1401,2844,0,0,280880,0.008952
research_design_40,pi_vcc_sections,22,4335,1485,2850,0,0,284080,0.008996
research_design_40,pi_vcc_sections,23,4440,1517,2923,0,0,296080,0.009224
research_design_40,pi_vcc_sections,24,4440,1554,2886,0,0,304080,0.009124
research_design_40,pi_vcc_sections,25,4530,1554,2976,0,0,306680,0.009394
research_design_40,pi_vcc_sections,26,4695,1585,3110,0,0,326680,0.009805
research_design_40,pi_vcc_sections,27,4755,1643,3112,0,0,329480,0.009829
research_design_40,pi_vcc_sections,28,4955,1664,3291,0,0,331160,0.010372
research_design_40,pi_vcc_sections,29,5060,1734,3326,0,0,345160,0.010498
research_design_40,pi_vcc_sections,30,5180,1771,3409,0,0,348760,0.010758
research_design_40,pi_vcc_sections,31,5390,1812,3578,0,0,370760,0.011278
research_design_40,pi_vcc_sections,32,5480,1886,3594,0,0,373760,0.011348
research_design_40,pi_vcc_sections,33,5615,1917,3698,0,0,389760,0.011669
research_design_40,pi_vcc_sections,34,5720,1965,3755,0,0,400960,0.011855
research_design_40,pi_vcc_sections,35,5840,2001,3839,0,0,404560,0.012117
research_design_40,pi_vcc_sections,36,5950,2043,3907,0,0,405440,0.012334
research_design_40,pi_vcc_sections,37,6055,2082,3973,0,0,418240,0.012544
research_design_40,pi_vcc_sections,38,6145,2119,4026,0,0,421240,0.012714
research_design_40,pi_vcc_sections,39,6145,2150,3995,0,0,428440,0.01263
research_design_40,pi_vcc_sections,40,6145,2150,3995,0,0,431040,0.01263
research_design_40,pi_mrc_keep_ref_drop,1,703,0,703,0,0,2800,0.002109
research_design_40,pi_mrc_keep_ref_drop,2,831,175,656,0,0,26800,0.002021
research_design_40,pi_mrc_keep_ref_drop,3,959,207,752,0,0,48800,0.002318
research_design_40,pi_mrc_keep_ref_drop,4,1129,239,890,0,0,76800,0.002742
research_design_40,pi_mrc_keep_ref_drop,5,1217,282,935,0,0,80400,0.00289
research_design_40,pi_mrc_keep_ref_drop,6,1356,304,1052,0,0,81840,0.003247
research_design_40,pi_mrc_keep_ref_drop,7,1484,339,1145,0,0,107840,0.003537
research_design_40,pi_mrc_keep_ref_drop,8,1692,371,1321,0,0,141840,0.004074
research_design_40,pi_mrc_keep_ref_drop,9,1758,423,1335,0,0,145040,0.004132
research_design_40,pi_mrc_keep_ref_drop,10,1864,439,1425,0,0,163040,0.004407
research_design_40,pi_mrc_keep_ref_drop,11,2012,466,1546,0,0,189040,0.004778
research_design_40,pi_mrc_keep_ref_drop,12,2078,503,1575,0,0,191840,0.004876
research_design_40,pi_mrc_keep_ref_drop,13,2195,519,1676,0,0,193040,0.005184
research_design_40,pi_mrc_keep_ref_drop,14,2301,548,1753,0,0,213040,0.005423
research_design_40,pi_mrc_keep_ref_drop,15,2389,575,1814,0,0,216440,0.005615
research_design_40,pi_mrc_keep_ref_drop,16,2451,597,1854,0,0,226440,0.005741
research_design_40,pi_mrc_keep_ref_drop,17,2495,612,1883,0,0,229040,0.005833
research_design_40,pi_mrc_keep_ref_drop,18,2579,623,1956,0,0,247040,0.006055
research_design_40,pi_mrc_keep_ref_drop,19,2623,644,1979,0,0,249840,0.00613
research_design_40,pi_mrc_keep_ref_drop,20,2695,655,2040,0,0,250880,0.006317
research_design_40,pi_mrc_keep_ref_drop,21,2843,673,2170,0,0,280880,0.006712
research_design_40,pi_mrc_keep_ref_drop,22,2909,710,2199,0,0,284080,0.00681
research_design_40,pi_mrc_keep_ref_drop,23,2971,727,2244,0,0,296080,0.00695
research_design_40,pi_mrc_keep_ref_drop,24,2971,742,2229,0,0,304080,0.00691
research_design_40,pi_mrc_keep_ref_drop,25,3037,742,2295,0,0,306680,0.007108
research_design_40,pi_mrc_keep_ref_drop,26,3143,759,2384,0,0,326680,0.00738
research_design_40,pi_mrc_keep_ref_drop,27,3187,785,2402,0,0,329480,0.007442
research_design_40,pi_mrc_keep_ref_drop,28,3326,796,2530,0,0,331160,0.007829
research_design_40,pi_mrc_keep_ref_drop,29,3388,831,2557,0,0,345160,0.00792
research_design_40,pi_mrc_keep_ref_drop,30,3476,847,2629,0,0,348760,0.008141
research_design_40,pi_mrc_keep_ref_drop,31,3602,869,2733,0,0,370760,0.00846
research_design_40,pi_mrc_keep_ref_drop,32,3668,900,2768,0,0,373760,0.008574
research_design_40,pi_mrc_keep_ref_drop,33,3752,917,2835,0,0,389760,0.00878
research_design_40,pi_mrc_keep_ref_drop,34,3814,938,2876,0,0,400960,0.008909
research_design_40,pi_mrc_keep_ref_drop,35,3902,953,2949,0,0,404560,0.009133
research_design_40,pi_mrc_keep_ref_drop,36,3974,975,2999,0,0,405440,0.009289
research_design_40,pi_mrc_keep_ref_drop,37,4036,993,3043,0,0,418240,0.009427
research_design_40,pi_mrc_keep_ref_drop,38,4102,1009,3093,0,0,421240,0.009582
research_design_40,pi_mrc_keep_ref_drop,39,4102,1025,3077,0,0,428440,0.009539
research_design_40,pi_mrc_keep_ref_drop,40,4102,1025,3077,0,0,431040,0.009539
research_design_40,hybrid_sections_prompt_classifier,1,1052,0,1052,0,1,2800,0.003156
research_design_40,hybrid_sections_prompt_classifier,2,1230,420,810,0,0,26800,0.002556
research_design_40,hybrid_sections_prompt_classifier,3,1408,492,916,0,0,48800,0.002896
research_design_40,hybrid_sections_prompt_classifier,4,1661,563,1098,0,0,76800,0.003463
research_design_40,hybrid_sections_prompt_classifier,5,1773,664,1109,0,0,80400,0.003526
research_design_40,hybrid_sections_prompt_classifier,6,1989,709,1280,0,1,81840,0.004053
research_design_40,hybrid_sections_prompt_classifier,7,2167,795,1372,0,0,107840,0.004354
research_design_40,hybrid_sections_prompt_classifier,8,2505,866,1639,0,0,141840,0.005177
research_design_40,hybrid_sections_prompt_classifier,9,2589,1002,1587,0,0,145040,0.005062
research_design_40,hybrid_sections_prompt_classifier,10,2739,1035,1704,0,0,163040,0.005423
research_design_40,hybrid_sections_prompt_classifier,11,2964,1095,1869,0,0,189040,0.005935
research_design_40,hybrid_sections_prompt_classifier,12,3048,1185,1863,0,0,191840,0.005945
research_design_40,hybrid_sections_prompt_classifier,13,3236,1219,2017,0,1,193040,0.006417
research_design_40,hybrid_sections_prompt_classifier,14,3386,1294,2092,0,0,213040,0.006664
research_design_40,hybrid_sections_prompt_classifier,15,3498,1354,2144,0,0,216440,0.006838
research_design_40,hybrid_sections_prompt_classifier,16,3592,1399,2193,0,0,226440,0.006999
research_design_40,hybrid_sections_prompt_classifier,17,3648,1436,2212,0,0,229040,0.007067
research_design_40,hybrid_sections_prompt_classifier,18,3770,1459,2311,0,0,247040,0.007371
research_design_40,hybrid_sections_prompt_classifier,19,3826,1508,2318,0,0,249840,0.007406
research_design_40,hybrid_sections_prompt_classifier,20,3939,1530,2409,0,1,250880,0.007686
research_design_40,hybrid_sections_prompt_classifier,21,4164,1575,2589,0,0,280880,0.00824
research_design_40,hybrid_sections_prompt_classifier,22,4248,1665,2583,0,0,284080,0.008248
research_design_40,hybrid_sections_prompt_classifier,23,4342,1699,2643,0,0,296080,0.008439
research_design_40,hybrid_sections_prompt_classifier,24,4342,1736,2606,0,0,304080,0.008339
research_design_40,hybrid_sections_prompt_classifier,25,4426,1736,2690,0,0,306680,0.008591
research_design_40,hybrid_sections_prompt_classifier,26,4576,1770,2806,0,0,326680,0.008949
research_design_40,hybrid_sections_prompt_classifier,27,4632,1830,2802,0,0,329480,0.008955
research_design_40,hybrid_sections_prompt_classifier,28,4848,1852,2996,0,1,331160,0.009544
research_design_40,hybrid_sections_prompt_classifier,29,4942,1939,3003,0,0,345160,0.009591
research_design_40,hybrid_sections_prompt_classifier,30,5054,1976,3078,0,0,348760,0.009827
research_design_40,hybrid_sections_prompt_classifier,31,5251,2021,3230,0,0,370760,0.010296
research_design_40,hybrid_sections_prompt_classifier,32,5335,2100,3235,0,0,373760,0.010335
research_design_40,hybrid_sections_prompt_classifier,33,5457,2134,3323,0,0,389760,0.010609
research_design_40,hybrid_sections_prompt_classifier,34,5551,2182,3369,0,0,400960,0.010762
research_design_40,hybrid_sections_prompt_classifier,35,5663,2220,3443,0,0,404560,0.010995
research_design_40,hybrid_sections_prompt_classifier,36,5776,2265,3511,0,1,405440,0.011212
research_design_40,hybrid_sections_prompt_classifier,37,5870,2310,3560,0,0,418240,0.011373
research_design_40,hybrid_sections_prompt_classifier,38,5954,2348,3606,0,0,421240,0.011522
research_design_40,hybrid_sections_prompt_classifier,39,5954,2381,3573,0,0,428440,0.011433
research_design_40,hybrid_sections_prompt_classifier,40,5954,2381,3573,0,0,431040,0.011433
long_mixed_80,raw_retained_transcript,1,600,0,600,0,0,0,0.0018
long_mixed_80,raw_retained_transcript,2,1250,600,650,0,0,0,0.00213
long_mixed_80,raw_retained_transcript,3,4750,1250,3500,0,0,0,0.010875
long_mixed_80,raw_retained_transcript,4,7350,4750,2600,0,0,0,0.009225
long_mixed_80,raw_retained_transcript,5,13350,7350,6000,0,0,0,0.020205
long_mixed_80,raw_retained_transcript,6,16850,13350,3500,0,0,0,0.014505
long_mixed_80,raw_retained_transcript,7,24350,16850,7500,0,0,0,0.027555
long_mixed_80,raw_retained_transcript,8,26950,24350,2600,0,0,0,0.015105
long_mixed_80,raw_retained_transcript,9,30450,26950,3500,0,0,0,0.018585
long_mixed_80,raw_retained_transcript,10,36450,30450,6000,0,0,0,0.027135
long_mixed_80,raw_retained_transcript,11,41450,36450,5000,0,0,0,0.025935
long_mixed_80,raw_retained_transcript,12,44950,41450,3500,0,0,0,0.022935
long_mixed_80,raw_retained_transcript,13,45900,44950,950,0,0,0,0.016335
long_mixed_80,raw_retained_transcript,14,53400,45900,7500,0,0,0,0.03627
long_mixed_80,raw_retained_transcript,15,59400,53400,6000,0,0,0,0.03402
long_mixed_80,raw_retained_transcript,16,62000,59400,2600,0,0,0,0.02562
long_mixed_80,raw_retained_transcript,17,62650,62000,650,0,0,0,0.02055
long_mixed_80,raw_retained_transcript,18,66150,62650,3500,0,0,0,0.029295
long_mixed_80,raw_retained_transcript,19,66800,66150,650,0,0,0,0.021795
long_mixed_80,raw_retained_transcript,20,72800,66800,6000,0,0,0,0.03804
long_mixed_80,raw_retained_transcript,21,80300,72800,7500,0,0,0,0.04434
long_mixed_80,raw_retained_transcript,22,85300,80300,5000,0,0,0,0.03909
long_mixed_80,raw_retained_transcript,23,85950,85300,650,0,0,0,0.02754
long_mixed_80,raw_retained_transcript,24,89450,85950,3500,0,0,0,0.036285
long_mixed_80,raw_retained_transcript,25,95450,89450,6000,0,0,0,0.044835
long_mixed_80,raw_retained_transcript,26,96400,95450,950,0,0,0,0.031485
long_mixed_80,raw_retained_transcript,27,99900,96400,3500,0,0,0,0.03942
long_mixed_80,raw_retained_transcript,28,107400,99900,7500,0,0,0,0.05247
long_mixed_80,raw_retained_transcript,29,108050,107400,650,0,0,0,0.03417
long_mixed_80,raw_retained_transcript,30,114050,108050,6000,0,0,0,0.050415
long_mixed_80,raw_retained_transcript,31,114700,114050,650,0,0,0,0.036165
long_mixed_80,raw_retained_transcript,32,117300,114700,2600,0,0,0,0.04221
long_mixed_80,raw_retained_transcript,33,122300,117300,5000,0,0,0,0.05019
long_mixed_80,raw_retained_transcript,34,122950,122300,650,0,0,0,0.03864
long_mixed_80,raw_retained_transcript,35,130450,122950,7500,0,0,0,0.059385
long_mixed_80,raw_retained_transcript,36,133950,130450,3500,0,0,0,0.049635
long_mixed_80,raw_retained_transcript,37,134600,133950,650,0,0,0,0.042135
long_mixed_80,raw_retained_transcript,38,135250,134600,650,0,0,0,0.04233
long_mixed_80,raw_retained_transcript,39,139050,135250,3800,0,0,0,0.051975
long_mixed_80,raw_retained_transcript,40,145050,139050,6000,0,0,0,0.059715
long_mixed_80,raw_retained_transcript,41,145700,145050,650,0,0,0,0.045465
long_mixed_80,raw_retained_transcript,42,153200,145700,7500,0,0,0,0.06621
long_mixed_80,raw_retained_transcript,43,153850,153200,650,0,0,0,0.04791
long_mixed_80,raw_retained_transcript,44,158850,153850,5000,0,0,0,0.061155
long_mixed_80,raw_retained_transcript,45,164850,158850,6000,0,0,0,0.065655
long_mixed_80,raw_retained_transcript,46,165500,164850,650,0,0,0,0.051405
long_mixed_80,raw_retained_transcript,47,166150,165500,650,0,0,0,0.0516
long_mixed_80,raw_retained_transcript,48,169650,166150,3500,0,0,0,0.060345
long_mixed_80,raw_retained_transcript,49,177150,169650,7500,0,0,0,0.073395
long_mixed_80,raw_retained_transcript,50,183150,177150,6000,0,0,0,0.071145
long_mixed_80,raw_retained_transcript,51,186650,183150,3500,0,0,0,0.065445
long_mixed_80,raw_retained_transcript,52,189550,186650,2900,0,0,0,0.064695
long_mixed_80,raw_retained_transcript,53,190200,189550,650,0,0,0,0.058815
long_mixed_80,raw_retained_transcript,54,193700,190200,3500,0,0,0,0.06756
long_mixed_80,raw_retained_transcript,55,198700,193700,5000,0,0,0,0.07311
long_mixed_80,raw_retained_transcript,56,206200,198700,7500,0,0,0,0.08211
long_mixed_80,raw_retained_transcript,57,209700,206200,3500,0,0,0,0.07236
long_mixed_80,raw_retained_transcript,58,210350,209700,650,0,0,0,0.06486
long_mixed_80,raw_retained_transcript,59,211000,210350,650,0,0,0,0.065055
long_mixed_80,raw_retained_transcript,60,217000,211000,6000,0,0,0,0.0813
long_mixed_80,raw_retained_transcript,61,217650,217000,650,0,0,0,0.06705
long_mixed_80,raw_retained_transcript,62,218300,217650,650,0,0,0,0.067245
long_mixed_80,raw_retained_transcript,63,225800,218300,7500,0,0,0,0.08799
long_mixed_80,raw_retained_transcript,64,228400,225800,2600,0,0,0,0.07554
long_mixed_80,raw_retained_transcript,65,234700,228400,6300,0,0,0,0.08742
long_mixed_80,raw_retained_transcript,66,239700,234700,5000,0,0,0,0.08541
long_mixed_80,raw_retained_transcript,67,240350,239700,650,0,0,0,0.07386
long_mixed_80,raw_retained_transcript,68,242950,240350,2600,0,0,0,0.079905
long_mixed_80,raw_retained_transcript,69,246450,242950,3500,0,0,0,0.083385
long_mixed_80,raw_retained_transcript,70,253950,246450,7500,0,0,0,0.096435
long_mixed_80,raw_retained_transcript,71,254600,253950,650,0,0,0,0.078135
long_mixed_80,raw_retained_transcript,72,258100,254600,3500,0,0,0,0.08688
long_mixed_80,raw_retained_transcript,73,258750,258100,650,0,0,0,0.07938
long_mixed_80,raw_retained_transcript,74,259400,258750,650,0,0,0,0.079575
long_mixed_80,raw_retained_transcript,75,265400,259400,6000,0,0,0,0.09582
long_mixed_80,raw_retained_transcript,76,268000,265400,2600,0,0,0,0.08742
long_mixed_80,raw_retained_transcript,77,275500,268000,7500,0,0,0,0.1029
long_mixed_80,raw_retained_transcript,78,279300,275500,3800,0,0,0,0.09405
long_mixed_80,raw_retained_transcript,79,279950,279300,650,0,0,0,0.08574
long_mixed_80,raw_retained_transcript,80,285950,279950,6000,0,0,0,0.101985
long_mixed_80,adaptive_raw_then_mrc,1,600,0,600,0,0,2400,0.0018
long_mixed_80,adaptive_raw_then_mrc,2,1250,600,650,0,0,5000,0.00213
long_mixed_80,adaptive_raw_then_mrc,3,4750,1250,3500,0,0,19000,0.010875
long_mixed_80,adaptive_raw_then_mrc,4,7350,4750,2600,0,0,29400,0.009225
long_mixed_80,adaptive_raw_then_mrc,5,13350,7350,6000,0,0,53400,0.020205
long_mixed_80,adaptive_raw_then_mrc,6,16850,13350,3500,0,0,67400,0.014505
long_mixed_80,adaptive_raw_then_mrc,7,1338,0,1338,0,0,97400,0.004014
long_mixed_80,adaptive_raw_then_mrc,8,1400,334,1066,0,0,107800,0.003298
long_mixed_80,adaptive_raw_then_mrc,9,1484,350,1134,0,0,121800,0.003507
long_mixed_80,adaptive_raw_then_mrc,10,1632,371,1261,0,0,145800,0.003894
long_mixed_80,adaptive_raw_then_mrc,11,1507,376,1131,0,0,165800,0.003506
long_mixed_80,adaptive_raw_then_mrc,12,1591,376,1215,0,0,179800,0.003758
long_mixed_80,adaptive_raw_then_mrc,13,1774,397,1377,0,0,183600,0.00425
long_mixed_80,adaptive_raw_then_mrc,14,1987,443,1544,0,0,213600,0.004765
long_mixed_80,adaptive_raw_then_mrc,15,2135,496,1639,0,0,237600,0.005066
long_mixed_80,adaptive_raw_then_mrc,16,2197,533,1664,0,0,248000,0.005152
long_mixed_80,adaptive_raw_then_mrc,17,2241,549,1692,0,0,250600,0.005241
long_mixed_80,adaptive_raw_then_mrc,18,2325,560,1765,0,0,264600,0.005463
long_mixed_80,adaptive_raw_then_mrc,19,2369,581,1788,0,0,267200,0.005538
long_mixed_80,adaptive_raw_then_mrc,20,2517,592,1925,0,0,291200,0.005953
long_mixed_80,adaptive_raw_then_mrc,21,2730,629,2101,0,0,321200,0.006492
long_mixed_80,adaptive_raw_then_mrc,22,2480,620,1860,0,0,341200,0.005766
long_mixed_80,adaptive_raw_then_mrc,23,2524,620,1904,0,0,343800,0.005898
long_mixed_80,adaptive_raw_then_mrc,24,2608,631,1977,0,0,357800,0.00612
long_mixed_80,adaptive_raw_then_mrc,25,2756,652,2104,0,0,381800,0.006508
long_mixed_80,adaptive_raw_then_mrc,26,2894,689,2205,0,0,385600,0.006822
long_mixed_80,adaptive_raw_then_mrc,27,2978,723,2255,0,0,399600,0.006982
long_mixed_80,adaptive_raw_then_mrc,28,3191,744,2447,0,0,429600,0.007564
long_mixed_80,adaptive_raw_then_mrc,29,3235,797,2438,0,0,432200,0.007553
long_mixed_80,adaptive_raw_then_mrc,30,3383,808,2575,0,0,456200,0.007967
long_mixed_80,adaptive_raw_then_mrc,31,3427,845,2582,0,0,458800,0.007999
long_mixed_80,adaptive_raw_then_mrc,32,3489,856,2633,0,0,469200,0.008156
long_mixed_80,adaptive_raw_then_mrc,33,3364,841,2523,0,0,489200,0.007821
long_mixed_80,adaptive_raw_then_mrc,34,3408,841,2567,0,0,491800,0.007953
long_mixed_80,adaptive_raw_then_mrc,35,3621,852,2769,0,0,521800,0.008563
long_mixed_80,adaptive_raw_then_mrc,36,3705,905,2800,0,0,535800,0.008671
long_mixed_80,adaptive_raw_then_mrc,37,3749,926,2823,0,0,538400,0.008747
long_mixed_80,adaptive_raw_then_mrc,38,3793,937,2856,0,0,541000,0.008849
long_mixed_80,adaptive_raw_then_mrc,39,4016,948,3068,0,0,556200,0.009488
long_mixed_80,adaptive_raw_then_mrc,40,4164,1004,3160,0,0,580200,0.009781
long_mixed_80,adaptive_raw_then_mrc,41,4208,1041,3167,0,0,582800,0.009813
long_mixed_80,adaptive_raw_then_mrc,42,4421,1052,3369,0,0,612800,0.010423
long_mixed_80,adaptive_raw_then_mrc,43,4465,1105,3360,0,0,615400,0.010412
long_mixed_80,adaptive_raw_then_mrc,44,4215,1053,3162,0,0,635400,0.009802
long_mixed_80,adaptive_raw_then_mrc,45,4363,1053,3310,0,0,659400,0.010246
long_mixed_80,adaptive_raw_then_mrc,46,4407,1090,3317,0,0,662000,0.010278
long_mixed_80,adaptive_raw_then_mrc,47,4451,1101,3350,0,0,664600,0.01038
long_mixed_80,adaptive_raw_then_mrc,48,4535,1112,3423,0,0,678600,0.010603
long_mixed_80,adaptive_raw_then_mrc,49,4748,1133,3615,0,0,708600,0.011185
long_mixed_80,adaptive_raw_then_mrc,50,4896,1187,3709,0,0,732600,0.011483
long_mixed_80,adaptive_raw_then_mrc,51,4980,1224,3756,0,0,746600,0.011635
long_mixed_80,adaptive_raw_then_mrc,52,5136,1245,3891,0,0,758200,0.012046
long_mixed_80,adaptive_raw_then_mrc,53,5180,1284,3896,0,0,760800,0.012073
long_mixed_80,adaptive_raw_then_mrc,54,5264,1295,3969,0,0,774800,0.012296
long_mixed_80,adaptive_raw_then_mrc,55,5139,1284,3855,0,0,794800,0.01195
long_mixed_80,adaptive_raw_then_mrc,56,5352,1284,4068,0,0,824800,0.012589
long_mixed_80,adaptive_raw_then_mrc,57,5436,1338,4098,0,0,838800,0.012695
long_mixed_80,adaptive_raw_then_mrc,58,5480,1359,4121,0,0,841400,0.012771
long_mixed_80,adaptive_raw_then_mrc,59,5524,1370,4154,0,0,844000,0.012873
long_mixed_80,adaptive_raw_then_mrc,60,5672,1381,4291,0,0,868000,0.013287
long_mixed_80,adaptive_raw_then_mrc,61,5716,1418,4298,0,0,870600,0.013319
long_mixed_80,adaptive_raw_then_mrc,62,5760,1429,4331,0,0,873200,0.013422
long_mixed_80,adaptive_raw_then_mrc,63,5973,1440,4533,0,0,903200,0.014031
long_mixed_80,adaptive_raw_then_mrc,64,6035,1493,4542,0,0,913600,0.014074
long_mixed_80,adaptive_raw_then_mrc,65,6322,1508,4814,0,0,938800,0.014894
long_mixed_80,adaptive_raw_then_mrc,66,6072,1518,4554,0,0,958800,0.014117
long_mixed_80,adaptive_raw_then_mrc,67,6116,1518,4598,0,0,961400,0.014249
long_mixed_80,adaptive_raw_then_mrc,68,6178,1529,4649,0,0,971800,0.014406
long_mixed_80,adaptive_raw_then_mrc,69,6262,1544,4718,0,0,985800,0.014617
long_mixed_80,adaptive_raw_then_mrc,70,6475,1565,4910,0,0,1015800,0.015199
long_mixed_80,adaptive_raw_then_mrc,71,6519,1618,4901,0,0,1018400,0.015188
long_mixed_80,adaptive_raw_then_mrc,72,6603,1629,4974,0,0,1032400,0.015411
long_mixed_80,adaptive_raw_then_mrc,73,6647,1650,4997,0,0,1035000,0.015486
long_mixed_80,adaptive_raw_then_mrc,74,6691,1661,5030,0,0,1037600,0.015588
long_mixed_80,adaptive_raw_then_mrc,75,6839,1672,5167,0,0,1061600,0.016003
long_mixed_80,adaptive_raw_then_mrc,76,6901,1709,5192,0,0,1072000,0.016089
long_mixed_80,adaptive_raw_then_mrc,77,7114,1725,5389,0,0,1102000,0.016685
long_mixed_80,adaptive_raw_then_mrc,78,7292,1778,5514,0,0,1117200,0.017075
long_mixed_80,adaptive_raw_then_mrc,79,7336,1823,5513,0,0,1119800,0.017086
long_mixed_80,adaptive_raw_then_mrc,80,7484,1834,5650,0,0,1143800,0.0175
long_mixed_80,rolling_model_summary,1,600,0,600,0,0,0,0.0018
long_mixed_80,rolling_model_summary,2,1250,600,650,0,0,0,0.00213
long_mixed_80,rolling_model_summary,3,4750,1250,3500,0,0,0,0.010875
long_mixed_80,rolling_model_summary,4,7350,4750,2600,0,0,0,0.009225
long_mixed_80,rolling_model_summary,5,13350,7350,6000,0,0,0,0.020205
long_mixed_80,rolling_model_summary,6,3550,0,3550,1,0,0,0.01065
long_mixed_80,rolling_model_summary,7,11050,3550,7500,0,0,0,0.023565
long_mixed_80,rolling_model_summary,8,13650,11050,2600,0,0,0,0.011115
long_mixed_80,rolling_model_summary,9,17150,13650,3500,0,0,0,0.014595
long_mixed_80,rolling_model_summary,10,4335,0,4335,1,0,0,0.013005
long_mixed_80,rolling_model_summary,11,9335,4335,5000,0,0,0,0.0163
long_mixed_80,rolling_model_summary,12,3662,0,3662,1,0,0,0.010986
long_mixed_80,rolling_model_summary,13,4612,3662,950,0,0,0,0.003949
long_mixed_80,rolling_model_summary,14,12112,4612,7500,0,0,0,0.023884
long_mixed_80,rolling_model_summary,15,18112,12112,6000,0,0,0,0.021634
long_mixed_80,rolling_model_summary,16,5240,0,5240,1,0,0,0.01572
long_mixed_80,rolling_model_summary,17,5890,5240,650,0,0,0,0.003522
long_mixed_80,rolling_model_summary,18,4233,0,4233,1,0,0,0.012699
long_mixed_80,rolling_model_summary,19,4883,4233,650,0,0,0,0.00322
long_mixed_80,rolling_model_summary,20,10883,4883,6000,0,0,0,0.019465
long_mixed_80,rolling_model_summary,21,18383,10883,7500,0,0,0,0.025765
long_mixed_80,rolling_model_summary,22,5875,0,5875,1,0,0,0.017625
long_mixed_80,rolling_model_summary,23,6525,5875,650,0,0,0,0.003712
long_mixed_80,rolling_model_summary,24,4868,0,4868,1,0,0,0.014604
long_mixed_80,rolling_model_summary,25,10868,4868,6000,0,0,0,0.01946
long_mixed_80,rolling_model_summary,26,11818,10868,950,0,0,0,0.00611
long_mixed_80,rolling_model_summary,27,15318,11818,3500,0,0,0,0.014045
long_mixed_80,rolling_model_summary,28,6975,0,6975,1,0,0,0.020925
long_mixed_80,rolling_model_summary,29,7625,6975,650,0,0,0,0.004043
long_mixed_80,rolling_model_summary,30,6406,0,6406,1,0,0,0.019218
long_mixed_80,rolling_model_summary,31,7056,6406,650,0,0,0,0.003872
long_mixed_80,rolling_model_summary,32,9656,7056,2600,0,0,0,0.009917
long_mixed_80,rolling_model_summary,33,14656,9656,5000,0,0,0,0.017897
long_mixed_80,rolling_model_summary,34,15306,14656,650,0,0,0,0.006347
long_mixed_80,rolling_model_summary,35,22806,15306,7500,0,0,0,0.027092
long_mixed_80,rolling_model_summary,36,7910,0,7910,1,0,0,0.02373
long_mixed_80,rolling_model_summary,37,8560,7910,650,0,0,0,0.004323
long_mixed_80,rolling_model_summary,38,9210,8560,650,0,0,0,0.004518
long_mixed_80,rolling_model_summary,39,13010,9210,3800,0,0,0,0.014163
long_mixed_80,rolling_model_summary,40,19010,13010,6000,0,0,0,0.021903
long_mixed_80,rolling_model_summary,41,19660,19010,650,0,0,0,0.007653
long_mixed_80,rolling_model_summary,42,9025,0,9025,1,0,0,0.027075
long_mixed_80,rolling_model_summary,43,9675,9025,650,0,0,0,0.004658
long_mixed_80,rolling_model_summary,44,14675,9675,5000,0,0,0,0.017902
long_mixed_80,rolling_model_summary,45,20675,14675,6000,0,0,0,0.022403
long_mixed_80,rolling_model_summary,46,21325,20675,650,0,0,0,0.008153
long_mixed_80,rolling_model_summary,47,21975,21325,650,0,0,0,0.008347
long_mixed_80,rolling_model_summary,48,9450,0,9450,1,0,0,0.02835
long_mixed_80,rolling_model_summary,49,16950,9450,7500,0,0,0,0.025335
long_mixed_80,rolling_model_summary,50,22950,16950,6000,0,0,0,0.023085
long_mixed_80,rolling_model_summary,51,10145,0,10145,1,0,0,0.030435
long_mixed_80,rolling_model_summary,52,13045,10145,2900,0,0,0,0.011743
long_mixed_80,rolling_model_summary,53,13695,13045,650,0,0,0,0.005863
long_mixed_80,rolling_model_summary,54,9681,0,9681,1,0,0,0.029043
long_mixed_80,rolling_model_summary,55,14681,9681,5000,0,0,0,0.017904
long_mixed_80,rolling_model_summary,56,22181,14681,7500,0,0,0,0.026904
long_mixed_80,rolling_model_summary,57,25681,22181,3500,0,0,0,0.017154
long_mixed_80,rolling_model_summary,58,26331,25681,650,0,0,0,0.009654
long_mixed_80,rolling_model_summary,59,11045,0,11045,1,0,0,0.033135
long_mixed_80,rolling_model_summary,60,10305,0,10305,1,0,0,0.030915
long_mixed_80,rolling_model_summary,61,10955,10305,650,0,0,0,0.005041
long_mixed_80,rolling_model_summary,62,11605,10955,650,0,0,0,0.005236
long_mixed_80,rolling_model_summary,63,19105,11605,7500,0,0,0,0.025981
long_mixed_80,rolling_model_summary,64,21705,19105,2600,0,0,0,0.013531
long_mixed_80,rolling_model_summary,65,12285,0,12285,1,0,0,0.036855
long_mixed_80,rolling_model_summary,66,10920,0,10920,1,0,0,0.03276
long_mixed_80,rolling_model_summary,67,11570,10920,650,0,0,0,0.005226
long_mixed_80,rolling_model_summary,68,14170,11570,2600,0,0,0,0.011271
long_mixed_80,rolling_model_summary,69,17670,14170,3500,0,0,0,0.014751
long_mixed_80,rolling_model_summary,70,25170,17670,7500,0,0,0,0.027801
long_mixed_80,rolling_model_summary,71,25820,25170,650,0,0,0,0.009501
long_mixed_80,rolling_model_summary,72,12885,0,12885,1,0,0,0.038655
long_mixed_80,rolling_model_summary,73,13535,12885,650,0,0,0,0.005815
long_mixed_80,rolling_model_summary,74,14185,13535,650,0,0,0,0.006011
long_mixed_80,rolling_model_summary,75,20185,14185,6000,0,0,0,0.022256
long_mixed_80,rolling_model_summary,76,22785,20185,2600,0,0,0,0.013855
long_mixed_80,rolling_model_summary,77,13715,0,13715,1,0,0,0.041145
long_mixed_80,rolling_model_summary,78,12413,0,12413,2,0,0,0.037239
long_mixed_80,rolling_model_summary,79,13063,12413,650,0,0,0,0.005674
long_mixed_80,rolling_model_summary,80,19063,13063,6000,0,0,0,0.021919
long_mixed_80,vcc_source_view,1,1197,0,1197,0,0,2400,0.003591
long_mixed_80,vcc_source_view,2,1273,538,735,0,0,5000,0.002366
long_mixed_80,vcc_source_view,3,1469,572,897,0,0,19000,0.002863
long_mixed_80,vcc_source_view,4,1627,661,966,0,0,29400,0.003096
long_mixed_80,vcc_source_view,5,1993,732,1261,0,0,53400,0.004003
long_mixed_80,vcc_source_view,6,2189,896,1293,0,0,67400,0.004148
long_mixed_80,vcc_source_view,7,2547,985,1562,0,0,97400,0.004981
long_mixed_80,vcc_source_view,8,2705,1146,1559,0,0,107800,0.005021
long_mixed_80,vcc_source_view,9,2901,1217,1684,0,0,121800,0.005417
long_mixed_80,vcc_source_view,10,3267,1305,1962,0,0,145800,0.006278
long_mixed_80,vcc_source_view,11,3097,1393,1704,0,0,165800,0.00553
long_mixed_80,vcc_source_view,12,3293,1393,1900,0,0,179800,0.006118
long_mixed_80,vcc_source_view,13,3590,1481,2109,0,0,183600,0.006771
long_mixed_80,vcc_source_view,14,3948,1615,2333,0,0,213600,0.007483
long_mixed_80,vcc_source_view,15,4314,1776,2538,0,0,237600,0.008147
long_mixed_80,vcc_source_view,16,4472,1941,2531,0,0,248000,0.008175
long_mixed_80,vcc_source_view,17,4548,2012,2536,0,0,250600,0.008212
long_mixed_80,vcc_source_view,18,4744,2046,2698,0,0,264600,0.008708
long_mixed_80,vcc_source_view,19,4820,2134,2686,0,0,267200,0.008698
long_mixed_80,vcc_source_view,20,5186,2169,3017,0,0,291200,0.009702
long_mixed_80,vcc_source_view,21,5544,2333,3211,0,0,321200,0.010333
long_mixed_80,vcc_source_view,22,5204,2341,2863,0,0,341200,0.009291
long_mixed_80,vcc_source_view,23,5280,2341,2939,0,0,343800,0.009519
long_mixed_80,vcc_source_view,24,5476,2376,3100,0,0,357800,0.010013
long_mixed_80,vcc_source_view,25,5842,2464,3378,0,0,381800,0.010873
long_mixed_80,vcc_source_view,26,6084,2628,3456,0,0,385600,0.011156
long_mixed_80,vcc_source_view,27,6280,2737,3543,0,0,399600,0.01145
long_mixed_80,vcc_source_view,28,6638,2826,3812,0,0,429600,0.012284
long_mixed_80,vcc_source_view,29,6714,2987,3727,0,0,432200,0.012077
long_mixed_80,vcc_source_view,30,7080,3021,4059,0,0,456200,0.013083
long_mixed_80,vcc_source_view,31,7156,3186,3970,0,0,458800,0.012866
long_mixed_80,vcc_source_view,32,7314,3220,4094,0,0,469200,0.013248
long_mixed_80,vcc_source_view,33,7144,3214,3930,0,0,489200,0.012754
long_mixed_80,vcc_source_view,34,7220,3214,4006,0,0,491800,0.012982
long_mixed_80,vcc_source_view,35,7578,3249,4329,0,0,521800,0.013962
long_mixed_80,vcc_source_view,36,7774,3410,4364,0,0,535800,0.014115
long_mixed_80,vcc_source_view,37,7850,3498,4352,0,0,538400,0.014105
long_mixed_80,vcc_source_view,38,7926,3532,4394,0,0,541000,0.014242
long_mixed_80,vcc_source_view,39,8343,3566,4777,0,0,556200,0.015401
long_mixed_80,vcc_source_view,40,8709,3754,4955,0,0,580200,0.015991
long_mixed_80,vcc_source_view,41,8785,3919,4866,0,0,582800,0.015774
long_mixed_80,vcc_source_view,42,9143,3953,5190,0,0,612800,0.016756
long_mixed_80,vcc_source_view,43,9219,4114,5105,0,0,615400,0.016549
long_mixed_80,vcc_source_view,44,8879,3995,4884,0,0,635400,0.015851
long_mixed_80,vcc_source_view,45,9245,3995,5250,0,0,659400,0.016949
long_mixed_80,vcc_source_view,46,9321,4160,5161,0,0,662000,0.016731
long_mixed_80,vcc_source_view,47,9397,4194,5203,0,0,664600,0.016867
long_mixed_80,vcc_source_view,48,9593,4228,5365,0,0,678600,0.017363
long_mixed_80,vcc_source_view,49,9951,4316,5635,0,0,708600,0.0182
long_mixed_80,vcc_source_view,50,10317,4477,5840,0,0,732600,0.018863
long_mixed_80,vcc_source_view,51,10513,4642,5871,0,0,746600,0.019006
long_mixed_80,vcc_source_view,52,10837,4730,6107,0,0,758200,0.01974
long_mixed_80,vcc_source_view,53,10913,4876,6037,0,0,760800,0.019574
long_mixed_80,vcc_source_view,54,11109,4910,6199,0,0,774800,0.02007
long_mixed_80,vcc_source_view,55,10939,4922,6017,0,0,794800,0.019528
long_mixed_80,vcc_source_view,56,11297,4922,6375,0,0,824800,0.020602
long_mixed_80,vcc_source_view,57,11493,5083,6410,0,0,838800,0.020755
long_mixed_80,vcc_source_view,58,11569,5171,6398,0,0,841400,0.020745
long_mixed_80,vcc_source_view,59,11645,5206,6439,0,0,844000,0.020879
long_mixed_80,vcc_source_view,60,12011,5240,6771,0,0,868000,0.021885
long_mixed_80,vcc_source_view,61,12087,5404,6683,0,0,870600,0.02167
long_mixed_80,vcc_source_view,62,12163,5439,6724,0,0,873200,0.021804
long_mixed_80,vcc_source_view,63,12521,5473,7048,0,0,903200,0.022786
long_mixed_80,vcc_source_view,64,12679,5634,7045,0,0,913600,0.022825
long_mixed_80,vcc_source_view,65,13266,5705,7561,0,0,938800,0.024395
long_mixed_80,vcc_source_view,66,12926,5816,7110,0,0,958800,0.023075
long_mixed_80,vcc_source_view,67,13002,5816,7186,0,0,961400,0.023303
long_mixed_80,vcc_source_view,68,13160,5850,7310,0,0,971800,0.023685
long_mixed_80,vcc_source_view,69,13356,5922,7434,0,0,985800,0.024079
long_mixed_80,vcc_source_view,70,13714,6010,7704,0,0,1015800,0.024915
long_mixed_80,vcc_source_view,71,13790,6171,7619,0,0,1018400,0.024708
long_mixed_80,vcc_source_view,72,13986,6205,7781,0,0,1032400,0.025204
long_mixed_80,vcc_source_view,73,14062,6293,7769,0,0,1035000,0.025195
long_mixed_80,vcc_source_view,74,14138,6327,7811,0,0,1037600,0.025331
long_mixed_80,vcc_source_view,75,14504,6362,8142,0,0,1061600,0.026335
long_mixed_80,vcc_source_view,76,14662,6526,8136,0,0,1072000,0.026366
long_mixed_80,vcc_source_view,77,15020,6597,8423,0,0,1102000,0.027248
long_mixed_80,vcc_source_view,78,15382,6759,8623,0,0,1117200,0.027897
long_mixed_80,vcc_source_view,79,15458,6921,8537,0,0,1119800,0.027687
long_mixed_80,vcc_source_view,80,15824,6956,8868,0,0,1143800,0.028691
long_mixed_80,pi_vcc_sections,1,960,0,960,0,0,2400,0.00288
long_mixed_80,pi_vcc_sections,2,1020,336,684,0,0,5000,0.002153
long_mixed_80,pi_vcc_sections,3,1155,357,798,0,0,19000,0.002501
long_mixed_80,pi_vcc_sections,4,1260,404,856,0,0,29400,0.002689
long_mixed_80,pi_vcc_sections,5,1500,441,1059,0,0,53400,0.003309
long_mixed_80,pi_vcc_sections,6,1635,525,1110,0,0,67400,0.003488
long_mixed_80,pi_vcc_sections,7,1900,572,1328,0,0,97400,0.004156
long_mixed_80,pi_vcc_sections,8,2005,665,1340,0,0,107800,0.00422
long_mixed_80,pi_vcc_sections,9,2140,701,1439,0,0,121800,0.004527
long_mixed_80,pi_vcc_sections,10,2380,749,1631,0,0,145800,0.005118
long_mixed_80,pi_vcc_sections,11,2235,782,1453,0,0,165800,0.004594
long_mixed_80,pi_vcc_sections,12,2370,782,1588,0,0,179800,0.004999
long_mixed_80,pi_vcc_sections,13,2630,829,1801,0,0,183600,0.005652
long_mixed_80,pi_vcc_sections,14,2895,920,1975,0,0,213600,0.006201
long_mixed_80,pi_vcc_sections,15,3135,1013,2122,0,0,237600,0.00667
long_mixed_80,pi_vcc_sections,16,3240,1097,2143,0,0,248000,0.006758
long_mixed_80,pi_vcc_sections,17,3300,1134,2166,0,0,250600,0.006838
long_mixed_80,pi_vcc_sections,18,3435,1155,2280,0,0,264600,0.007186
long_mixed_80,pi_vcc_sections,19,3495,1202,2293,0,0,267200,0.00724
long_mixed_80,pi_vcc_sections,20,3735,1223,2512,0,0,291200,0.007903
long_mixed_80,pi_vcc_sections,21,4000,1307,2693,0,0,321200,0.008471
long_mixed_80,pi_vcc_sections,22,3710,1298,2412,0,0,341200,0.007625
long_mixed_80,pi_vcc_sections,23,3770,1298,2472,0,0,343800,0.007805
long_mixed_80,pi_vcc_sections,24,3905,1319,2586,0,0,357800,0.008154
long_mixed_80,pi_vcc_sections,25,4145,1366,2779,0,0,381800,0.008747
long_mixed_80,pi_vcc_sections,26,4345,1450,2895,0,0,385600,0.00912
long_mixed_80,pi_vcc_sections,27,4480,1520,2960,0,0,399600,0.009336
long_mixed_80,pi_vcc_sections,28,4745,1568,3177,0,0,429600,0.010001
long_mixed_80,pi_vcc_sections,29,4805,1660,3145,0,0,432200,0.009933
long_mixed_80,pi_vcc_sections,30,5045,1681,3364,0,0,456200,0.010596
long_mixed_80,pi_vcc_sections,31,5105,1765,3340,0,0,458800,0.01055
long_mixed_80,pi_vcc_sections,32,5210,1786,3424,0,0,469200,0.010808
long_mixed_80,pi_vcc_sections,33,5065,1772,3293,0,0,489200,0.010411
long_mixed_80,pi_vcc_sections,34,5125,1772,3353,0,0,491800,0.010591
long_mixed_80,pi_vcc_sections,35,5390,1793,3597,0,0,521800,0.011329
long_mixed_80,pi_vcc_sections,36,5525,1886,3639,0,0,535800,0.011483
long_mixed_80,pi_vcc_sections,37,5585,1933,3652,0,0,538400,0.011536
long_mixed_80,pi_vcc_sections,38,5645,1954,3691,0,0,541000,0.011659
long_mixed_80,pi_vcc_sections,39,5980,1975,4005,0,0,556200,0.012607
long_mixed_80,pi_vcc_sections,40,6220,2093,4127,0,0,580200,0.013009
long_mixed_80,pi_vcc_sections,41,6280,2177,4103,0,0,582800,0.012962
long_mixed_80,pi_vcc_sections,42,6545,2198,4347,0,0,612800,0.0137
long_mixed_80,pi_vcc_sections,43,6605,2290,4315,0,0,615400,0.013632
long_mixed_80,pi_vcc_sections,44,6315,2210,4105,0,0,635400,0.012978
long_mixed_80,pi_vcc_sections,45,6555,2210,4345,0,0,659400,0.013698
long_mixed_80,pi_vcc_sections,46,6615,2294,4321,0,0,662000,0.013651
long_mixed_80,pi_vcc_sections,47,6675,2315,4360,0,0,664600,0.013775
long_mixed_80,pi_vcc_sections,48,6810,2336,4474,0,0,678600,0.014123
long_mixed_80,pi_vcc_sections,49,7075,2383,4692,0,0,708600,0.014791
long_mixed_80,pi_vcc_sections,50,7315,2476,4839,0,0,732600,0.01526
long_mixed_80,pi_vcc_sections,51,7450,2560,4890,0,0,746600,0.015438
long_mixed_80,pi_vcc_sections,52,7695,2607,5088,0,0,758200,0.016046
long_mixed_80,pi_vcc_sections,53,7755,2693,5062,0,0,760800,0.015994
long_mixed_80,pi_vcc_sections,54,7890,2714,5176,0,0,774800,0.016342
long_mixed_80,pi_vcc_sections,55,7745,2710,5035,0,0,794800,0.015918
long_mixed_80,pi_vcc_sections,56,8010,2710,5300,0,0,824800,0.016713
long_mixed_80,pi_vcc_sections,57,8145,2803,5342,0,0,838800,0.016867
long_mixed_80,pi_vcc_sections,58,8205,2850,5355,0,0,841400,0.01692
long_mixed_80,pi_vcc_sections,59,8265,2871,5394,0,0,844000,0.017043
long_mixed_80,pi_vcc_sections,60,8505,2892,5613,0,0,868000,0.017707
long_mixed_80,pi_vcc_sections,61,8565,2976,5589,0,0,870600,0.01766
long_mixed_80,pi_vcc_sections,62,8625,2997,5628,0,0,873200,0.017783
long_mixed_80,pi_vcc_sections,63,8890,3018,5872,0,0,903200,0.018521
long_mixed_80,pi_vcc_sections,64,8995,3111,5884,0,0,913600,0.018585
long_mixed_80,pi_vcc_sections,65,9435,3148,6287,0,0,938800,0.019805
long_mixed_80,pi_vcc_sections,66,9145,3200,5945,0,0,958800,0.018795
long_mixed_80,pi_vcc_sections,67,9205,3200,6005,0,0,961400,0.018975
long_mixed_80,pi_vcc_sections,68,9310,3221,6089,0,0,971800,0.019233
long_mixed_80,pi_vcc_sections,69,9445,3258,6187,0,0,985800,0.019538
long_mixed_80,pi_vcc_sections,70,9710,3305,6405,0,0,1015800,0.020206
long_mixed_80,pi_vcc_sections,71,9770,3398,6372,0,0,1018400,0.020135
long_mixed_80,pi_vcc_sections,72,9905,3419,6486,0,0,1032400,0.020484
long_mixed_80,pi_vcc_sections,73,9965,3466,6499,0,0,1035000,0.020537
long_mixed_80,pi_vcc_sections,74,10025,3487,6538,0,0,1037600,0.02066
long_mixed_80,pi_vcc_sections,75,10265,3508,6757,0,0,1061600,0.021323
long_mixed_80,pi_vcc_sections,76,10370,3592,6778,0,0,1072000,0.021412
long_mixed_80,pi_vcc_sections,77,10635,3629,7006,0,0,1102000,0.022107
long_mixed_80,pi_vcc_sections,78,10910,3722,7188,0,0,1117200,0.022681
long_mixed_80,pi_vcc_sections,79,10970,3818,7152,0,0,1119800,0.022601
long_mixed_80,pi_vcc_sections,80,11210,3839,7371,0,0,1143800,0.023265
long_mixed_80,pi_mrc_keep_ref_drop,1,703,0,703,0,0,2400,0.002109
long_mixed_80,pi_mrc_keep_ref_drop,2,747,175,572,0,0,5000,0.001769
long_mixed_80,pi_mrc_keep_ref_drop,3,831,186,645,0,0,19000,0.001991
long_mixed_80,pi_mrc_keep_ref_drop,4,893,207,686,0,0,29400,0.00212
long_mixed_80,pi_mrc_keep_ref_drop,5,1041,223,818,0,0,53400,0.002521
long_mixed_80,pi_mrc_keep_ref_drop,6,1125,260,865,0,0,67400,0.002673
long_mixed_80,pi_mrc_keep_ref_drop,7,1338,281,1057,0,0,97400,0.003255
long_mixed_80,pi_mrc_keep_ref_drop,8,1400,334,1066,0,0,107800,0.003298
long_mixed_80,pi_mrc_keep_ref_drop,9,1484,350,1134,0,0,121800,0.003507
long_mixed_80,pi_mrc_keep_ref_drop,10,1632,371,1261,0,0,145800,0.003894
long_mixed_80,pi_mrc_keep_ref_drop,11,1507,376,1131,0,0,165800,0.003506
long_mixed_80,pi_mrc_keep_ref_drop,12,1591,376,1215,0,0,179800,0.003758
long_mixed_80,pi_mrc_keep_ref_drop,13,1774,397,1377,0,0,183600,0.00425
long_mixed_80,pi_mrc_keep_ref_drop,14,1987,443,1544,0,0,213600,0.004765
long_mixed_80,pi_mrc_keep_ref_drop,15,2135,496,1639,0,0,237600,0.005066
long_mixed_80,pi_mrc_keep_ref_drop,16,2197,533,1664,0,0,248000,0.005152
long_mixed_80,pi_mrc_keep_ref_drop,17,2241,549,1692,0,0,250600,0.005241
long_mixed_80,pi_mrc_keep_ref_drop,18,2325,560,1765,0,0,264600,0.005463
long_mixed_80,pi_mrc_keep_ref_drop,19,2369,581,1788,0,0,267200,0.005538
long_mixed_80,pi_mrc_keep_ref_drop,20,2517,592,1925,0,0,291200,0.005953
long_mixed_80,pi_mrc_keep_ref_drop,21,2730,629,2101,0,0,321200,0.006492
long_mixed_80,pi_mrc_keep_ref_drop,22,2480,620,1860,0,0,341200,0.005766
long_mixed_80,pi_mrc_keep_ref_drop,23,2524,620,1904,0,0,343800,0.005898
long_mixed_80,pi_mrc_keep_ref_drop,24,2608,631,1977,0,0,357800,0.00612
long_mixed_80,pi_mrc_keep_ref_drop,25,2756,652,2104,0,0,381800,0.006508
long_mixed_80,pi_mrc_keep_ref_drop,26,2894,689,2205,0,0,385600,0.006822
long_mixed_80,pi_mrc_keep_ref_drop,27,2978,723,2255,0,0,399600,0.006982
long_mixed_80,pi_mrc_keep_ref_drop,28,3191,744,2447,0,0,429600,0.007564
long_mixed_80,pi_mrc_keep_ref_drop,29,3235,797,2438,0,0,432200,0.007553
long_mixed_80,pi_mrc_keep_ref_drop,30,3383,808,2575,0,0,456200,0.007967
long_mixed_80,pi_mrc_keep_ref_drop,31,3427,845,2582,0,0,458800,0.007999
long_mixed_80,pi_mrc_keep_ref_drop,32,3489,856,2633,0,0,469200,0.008156
long_mixed_80,pi_mrc_keep_ref_drop,33,3364,841,2523,0,0,489200,0.007821
long_mixed_80,pi_mrc_keep_ref_drop,34,3408,841,2567,0,0,491800,0.007953
long_mixed_80,pi_mrc_keep_ref_drop,35,3621,852,2769,0,0,521800,0.008563
long_mixed_80,pi_mrc_keep_ref_drop,36,3705,905,2800,0,0,535800,0.008671
long_mixed_80,pi_mrc_keep_ref_drop,37,3749,926,2823,0,0,538400,0.008747
long_mixed_80,pi_mrc_keep_ref_drop,38,3793,937,2856,0,0,541000,0.008849
long_mixed_80,pi_mrc_keep_ref_drop,39,4016,948,3068,0,0,556200,0.009488
long_mixed_80,pi_mrc_keep_ref_drop,40,4164,1004,3160,0,0,580200,0.009781
long_mixed_80,pi_mrc_keep_ref_drop,41,4208,1041,3167,0,0,582800,0.009813
long_mixed_80,pi_mrc_keep_ref_drop,42,4421,1052,3369,0,0,612800,0.010423
long_mixed_80,pi_mrc_keep_ref_drop,43,4465,1105,3360,0,0,615400,0.010412
long_mixed_80,pi_mrc_keep_ref_drop,44,4215,1053,3162,0,0,635400,0.009802
long_mixed_80,pi_mrc_keep_ref_drop,45,4363,1053,3310,0,0,659400,0.010246
long_mixed_80,pi_mrc_keep_ref_drop,46,4407,1090,3317,0,0,662000,0.010278
long_mixed_80,pi_mrc_keep_ref_drop,47,4451,1101,3350,0,0,664600,0.01038
long_mixed_80,pi_mrc_keep_ref_drop,48,4535,1112,3423,0,0,678600,0.010603
long_mixed_80,pi_mrc_keep_ref_drop,49,4748,1133,3615,0,0,708600,0.011185
long_mixed_80,pi_mrc_keep_ref_drop,50,4896,1187,3709,0,0,732600,0.011483
long_mixed_80,pi_mrc_keep_ref_drop,51,4980,1224,3756,0,0,746600,0.011635
long_mixed_80,pi_mrc_keep_ref_drop,52,5136,1245,3891,0,0,758200,0.012046
long_mixed_80,pi_mrc_keep_ref_drop,53,5180,1284,3896,0,0,760800,0.012073
long_mixed_80,pi_mrc_keep_ref_drop,54,5264,1295,3969,0,0,774800,0.012296
long_mixed_80,pi_mrc_keep_ref_drop,55,5139,1284,3855,0,0,794800,0.01195
long_mixed_80,pi_mrc_keep_ref_drop,56,5352,1284,4068,0,0,824800,0.012589
long_mixed_80,pi_mrc_keep_ref_drop,57,5436,1338,4098,0,0,838800,0.012695
long_mixed_80,pi_mrc_keep_ref_drop,58,5480,1359,4121,0,0,841400,0.012771
long_mixed_80,pi_mrc_keep_ref_drop,59,5524,1370,4154,0,0,844000,0.012873
long_mixed_80,pi_mrc_keep_ref_drop,60,5672,1381,4291,0,0,868000,0.013287
long_mixed_80,pi_mrc_keep_ref_drop,61,5716,1418,4298,0,0,870600,0.013319
long_mixed_80,pi_mrc_keep_ref_drop,62,5760,1429,4331,0,0,873200,0.013422
long_mixed_80,pi_mrc_keep_ref_drop,63,5973,1440,4533,0,0,903200,0.014031
long_mixed_80,pi_mrc_keep_ref_drop,64,6035,1493,4542,0,0,913600,0.014074
long_mixed_80,pi_mrc_keep_ref_drop,65,6322,1508,4814,0,0,938800,0.014894
long_mixed_80,pi_mrc_keep_ref_drop,66,6072,1518,4554,0,0,958800,0.014117
long_mixed_80,pi_mrc_keep_ref_drop,67,6116,1518,4598,0,0,961400,0.014249
long_mixed_80,pi_mrc_keep_ref_drop,68,6178,1529,4649,0,0,971800,0.014406
long_mixed_80,pi_mrc_keep_ref_drop,69,6262,1544,4718,0,0,985800,0.014617
long_mixed_80,pi_mrc_keep_ref_drop,70,6475,1565,4910,0,0,1015800,0.015199
long_mixed_80,pi_mrc_keep_ref_drop,71,6519,1618,4901,0,0,1018400,0.015188
long_mixed_80,pi_mrc_keep_ref_drop,72,6603,1629,4974,0,0,1032400,0.015411
long_mixed_80,pi_mrc_keep_ref_drop,73,6647,1650,4997,0,0,1035000,0.015486
long_mixed_80,pi_mrc_keep_ref_drop,74,6691,1661,5030,0,0,1037600,0.015588
long_mixed_80,pi_mrc_keep_ref_drop,75,6839,1672,5167,0,0,1061600,0.016003
long_mixed_80,pi_mrc_keep_ref_drop,76,6901,1709,5192,0,0,1072000,0.016089
long_mixed_80,pi_mrc_keep_ref_drop,77,7114,1725,5389,0,0,1102000,0.016685
long_mixed_80,pi_mrc_keep_ref_drop,78,7292,1778,5514,0,0,1117200,0.017075
long_mixed_80,pi_mrc_keep_ref_drop,79,7336,1823,5513,0,0,1119800,0.017086
long_mixed_80,pi_mrc_keep_ref_drop,80,7484,1834,5650,0,0,1143800,0.0175
long_mixed_80,hybrid_sections_prompt_classifier,1,1052,0,1052,0,1,2400,0.003156
long_mixed_80,hybrid_sections_prompt_classifier,2,1108,420,688,0,0,5000,0.00219
long_mixed_80,hybrid_sections_prompt_classifier,3,1230,443,787,0,0,19000,0.002494
long_mixed_80,hybrid_sections_prompt_classifier,4,1324,492,832,0,0,29400,0.002644
long_mixed_80,hybrid_sections_prompt_classifier,5,1549,529,1020,0,0,53400,0.003219
long_mixed_80,hybrid_sections_prompt_classifier,6,1671,619,1052,0,0,67400,0.003342
long_mixed_80,hybrid_sections_prompt_classifier,7,1923,668,1255,0,0,97400,0.003965
long_mixed_80,hybrid_sections_prompt_classifier,8,2017,769,1248,0,0,107800,0.003975
long_mixed_80,hybrid_sections_prompt_classifier,9,2139,806,1333,0,0,121800,0.004241
long_mixed_80,hybrid_sections_prompt_classifier,10,2364,855,1509,0,0,145800,0.004783
long_mixed_80,hybrid_sections_prompt_classifier,11,2224,889,1335,0,0,165800,0.004272
long_mixed_80,hybrid_sections_prompt_classifier,12,2346,889,1457,0,0,179800,0.004638
long_mixed_80,hybrid_sections_prompt_classifier,13,2618,938,1680,0,1,183600,0.005321
long_mixed_80,hybrid_sections_prompt_classifier,14,2870,1047,1823,0,0,213600,0.005783
long_mixed_80,hybrid_sections_prompt_classifier,15,3095,1148,1947,0,0,237600,0.006185
long_mixed_80,hybrid_sections_prompt_classifier,16,3189,1238,1951,0,0,248000,0.006224
long_mixed_80,hybrid_sections_prompt_classifier,17,3245,1275,1970,0,0,250600,0.006293
long_mixed_80,hybrid_sections_prompt_classifier,18,3367,1298,2069,0,0,264600,0.006596
long_mixed_80,hybrid_sections_prompt_classifier,19,3423,1346,2077,0,0,267200,0.006635
long_mixed_80,hybrid_sections_prompt_classifier,20,3648,1369,2279,0,0,291200,0.007248
long_mixed_80,hybrid_sections_prompt_classifier,21,3900,1459,2441,0,0,321200,0.007761
long_mixed_80,hybrid_sections_prompt_classifier,22,3620,1448,2172,0,0,341200,0.00695
long_mixed_80,hybrid_sections_prompt_classifier,23,3676,1448,2228,0,0,343800,0.007118
long_mixed_80,hybrid_sections_prompt_classifier,24,3798,1470,2328,0,0,357800,0.007425
long_mixed_80,hybrid_sections_prompt_classifier,25,4023,1519,2504,0,0,381800,0.007968
long_mixed_80,hybrid_sections_prompt_classifier,26,4220,1609,2611,0,1,385600,0.008316
long_mixed_80,hybrid_sections_prompt_classifier,27,4342,1688,2654,0,0,399600,0.008468
long_mixed_80,hybrid_sections_prompt_classifier,28,4594,1736,2858,0,0,429600,0.009095
long_mixed_80,hybrid_sections_prompt_classifier,29,4650,1837,2813,0,0,432200,0.00899
long_mixed_80,hybrid_sections_prompt_classifier,30,4875,1860,3015,0,0,456200,0.009603
long_mixed_80,hybrid_sections_prompt_classifier,31,4931,1950,2981,0,0,458800,0.009528
long_mixed_80,hybrid_sections_prompt_classifier,32,5025,1972,3053,0,0,469200,0.009751
long_mixed_80,hybrid_sections_prompt_classifier,33,4885,1954,2931,0,0,489200,0.009379
long_mixed_80,hybrid_sections_prompt_classifier,34,4941,1954,2987,0,0,491800,0.009547
long_mixed_80,hybrid_sections_prompt_classifier,35,5193,1976,3217,0,0,521800,0.010244
long_mixed_80,hybrid_sections_prompt_classifier,36,5315,2077,3238,0,0,535800,0.010337
long_mixed_80,hybrid_sections_prompt_classifier,37,5371,2126,3245,0,0,538400,0.010373
long_mixed_80,hybrid_sections_prompt_classifier,38,5427,2148,3279,0,0,541000,0.010481
long_mixed_80,hybrid_sections_prompt_classifier,39,5765,2170,3595,0,1,556200,0.011436
long_mixed_80,hybrid_sections_prompt_classifier,40,5990,2306,3684,0,0,580200,0.011744
long_mixed_80,hybrid_sections_prompt_classifier,41,6046,2396,3650,0,0,582800,0.011669
long_mixed_80,hybrid_sections_prompt_classifier,42,6298,2418,3880,0,0,612800,0.012365
long_mixed_80,hybrid_sections_prompt_classifier,43,6354,2519,3835,0,0,615400,0.012261
long_mixed_80,hybrid_sections_prompt_classifier,44,6074,2429,3645,0,0,635400,0.011664
long_mixed_80,hybrid_sections_prompt_classifier,45,6299,2429,3870,0,0,659400,0.012339
long_mixed_80,hybrid_sections_prompt_classifier,46,6355,2519,3836,0,0,662000,0.012264
long_mixed_80,hybrid_sections_prompt_classifier,47,6411,2542,3869,0,0,664600,0.01237
long_mixed_80,hybrid_sections_prompt_classifier,48,6533,2564,3969,0,0,678600,0.012676
long_mixed_80,hybrid_sections_prompt_classifier,49,6785,2613,4172,0,0,708600,0.0133
long_mixed_80,hybrid_sections_prompt_classifier,50,7010,2714,4296,0,0,732600,0.013702
long_mixed_80,hybrid_sections_prompt_classifier,51,7132,2804,4328,0,0,746600,0.013825
long_mixed_80,hybrid_sections_prompt_classifier,52,7367,2852,4515,0,1,758200,0.014401
long_mixed_80,hybrid_sections_prompt_classifier,53,7423,2946,4477,0,0,760800,0.014315
long_mixed_80,hybrid_sections_prompt_classifier,54,7545,2969,4576,0,0,774800,0.014619
long_mixed_80,hybrid_sections_prompt_classifier,55,7405,2962,4443,0,0,794800,0.014218
long_mixed_80,hybrid_sections_prompt_classifier,56,7657,2962,4695,0,0,824800,0.014974
long_mixed_80,hybrid_sections_prompt_classifier,57,7779,3062,4717,0,0,838800,0.01507
long_mixed_80,hybrid_sections_prompt_classifier,58,7835,3111,4724,0,0,841400,0.015105
long_mixed_80,hybrid_sections_prompt_classifier,59,7891,3134,4757,0,0,844000,0.015211
long_mixed_80,hybrid_sections_prompt_classifier,60,8116,3156,4960,0,0,868000,0.015827
long_mixed_80,hybrid_sections_prompt_classifier,61,8172,3246,4926,0,0,870600,0.015752
long_mixed_80,hybrid_sections_prompt_classifier,62,8228,3268,4960,0,0,873200,0.01586
long_mixed_80,hybrid_sections_prompt_classifier,63,8480,3291,5189,0,0,903200,0.016554
long_mixed_80,hybrid_sections_prompt_classifier,64,8574,3392,5182,0,0,913600,0.016564
long_mixed_80,hybrid_sections_prompt_classifier,65,9015,3429,5586,0,1,938800,0.017787
long_mixed_80,hybrid_sections_prompt_classifier,66,8735,3494,5241,0,0,958800,0.016771
long_mixed_80,hybrid_sections_prompt_classifier,67,8791,3494,5297,0,0,961400,0.016939
long_mixed_80,hybrid_sections_prompt_classifier,68,8885,3516,5369,0,0,971800,0.017162
long_mixed_80,hybrid_sections_prompt_classifier,69,9007,3554,5453,0,0,985800,0.017425
long_mixed_80,hybrid_sections_prompt_classifier,70,9259,3602,5657,0,0,1015800,0.018052
long_mixed_80,hybrid_sections_prompt_classifier,71,9315,3703,5612,0,0,1018400,0.017947
long_mixed_80,hybrid_sections_prompt_classifier,72,9437,3726,5711,0,0,1032400,0.018251
long_mixed_80,hybrid_sections_prompt_classifier,73,9493,3774,5719,0,0,1035000,0.018289
long_mixed_80,hybrid_sections_prompt_classifier,74,9549,3797,5752,0,0,1037600,0.018395
long_mixed_80,hybrid_sections_prompt_classifier,75,9774,3819,5955,0,0,1061600,0.019011
long_mixed_80,hybrid_sections_prompt_classifier,76,9868,3909,5959,0,0,1072000,0.01905
long_mixed_80,hybrid_sections_prompt_classifier,77,10120,3947,6173,0,0,1102000,0.019703
long_mixed_80,hybrid_sections_prompt_classifier,78,10383,4048,6335,0,1,1117200,0.020219
long_mixed_80,hybrid_sections_prompt_classifier,79,10439,4153,6286,0,0,1119800,0.020104
long_mixed_80,hybrid_sections_prompt_classifier,80,10664,4175,6489,0,0,1143800,0.020719
